ticker,rpa_date_utc,rpa_time_utc,rp_entity_id,entity_name,relevance,event_sentiment_score,group,sub_type,event_text,news_type,source_name,headline
SOLV,2024-12-11,17:20:00,243B52,Solvac S.A.,99,0.0,dividends,,Solvac announces a second interim dividend,PRESS-RELEASE,Dow Jones Newswires,"Press Release: Solvac: announcement of a second interim dividend to be paid on January 30, 2025"
SOLV,2024-12-11,17:20:00,243B52,Solvac S.A.,99,0.0,dividends,,"Solvac will announce on March 7, 2025, the interim dividend",PRESS-RELEASE,Dow Jones Newswires,"Press Release: Solvac: announcement of a second interim dividend to be paid on January 30, 2025"
SOLV,2024-12-11,17:20:00,243B52,Solvac S.A.,99,0.0,dividends,,"Solvac S.A.: January 30, 2025 : Payment of a second interim dividend",PRESS-RELEASE,Dow Jones Newswires,"Press Release: Solvac: announcement of a second interim dividend to be paid on January 30, 2025"
SOLV,2024-12-11,17:20:00,243B52,Solvac S.A.,99,0.0,dividends,,Solvac announces a second interim dividend,PRESS-RELEASE,Hugin GlobeNewswire,"Press Release: Solvac: announcement of a second interim dividend to be paid on January 30, 2025"
SOLV,2024-12-11,17:20:00,243B52,Solvac S.A.,99,0.0,dividends,,"Solvac will announce on March 7, 2025, the interim dividend",PRESS-RELEASE,Hugin GlobeNewswire,"Press Release: Solvac: announcement of a second interim dividend to be paid on January 30, 2025"
SOLV,2024-12-11,17:20:00,243B52,Solvac S.A.,99,0.0,dividends,,"Solvac S.A.: January 30, 2025 : Payment of a second interim dividend",PRESS-RELEASE,Hugin GlobeNewswire,"Press Release: Solvac: announcement of a second interim dividend to be paid on January 30, 2025"
SOLV,2021-02-09,08:00:07,654DDF,Solvang ASA,94,0.38,labor-issues,,Solvang ASA: Hiring more employees,PRESS-RELEASE,PR Newswire,Solvang Insurance Agent Reports 'When to Review Business Insurance Needs'
SOLV,2024-05-17,21:08:41,9X9IT8,Solventum Corp.,99,0.0,labor-issues,,Solventum 2024 Long-Term Incentive Plan,RNS-SEC8K,Dow Jones Newswires,"Solventum Files 8K - Director, Officer or Compensation Filing >SOLV"
SOLV,2024-05-24,07:04:15,9X9IT8,Solventum Corp.,100,0.0,investor-relations,,"Solventum CORP COM, Inst Holders, 1Q 2024 (SOLV)",RNS-SEC13F,Dow Jones Newswires,"SOLVENTUM CORP  COM, Inst Holders, 1Q 2024 (SOLV)"
SOLV,2024-05-30,11:31:09,9X9IT8,Solventum Corp.,100,-0.83,analyst-ratings,negative,Solventum Initiated at Sell by Goldman Sachs,NEWS-FLASH,Dow Jones Newswires,Solventum Initiated at Sell by Goldman Sachs
SOLV,2024-05-30,11:31:09,9X9IT8,Solventum Corp.,100,0.0,price-targets,set,Solventum Price Target Announced at $54.00/Share by Goldman Sachs,NEWS-FLASH,Dow Jones Newswires,Solventum Price Target Announced at $54.00/Share by Goldman Sachs
SOLV,2024-06-24,13:00:06,9X9IT8,Solventum Corp.,99,0.44,products-services,,"Solventum introduces denials prevention solution, an AI-powered",PRESS-RELEASE,PR Newswire,"Solventum introduces denials prevention solution, an AI-powered tool, empowering health systems to help reduce write-offs and improve top line revenue"
SOLV,2024-06-24,13:00:06,9X9IT8,Solventum Corp.,99,0.49,partnerships,,"Solventum Corp.: In collaboration with Sift Healthcare, this solution is designed to",PRESS-RELEASE,PR Newswire,"Solventum introduces denials prevention solution, an AI-powered tool, empowering health systems to help reduce write-offs and improve top line revenue"
SOLV,2024-06-24,13:00:07,9X9IT8,Solventum Corp.,99,0.44,products-services,,"Solventum introduces denials prevention solution, an AI-powered",PRESS-RELEASE,Dow Jones Newswires,"Press Release: Solventum introduces denials prevention solution, an AI-powered tool, empowering health systems to help reduce write-offs and improve top line revenue"
SOLV,2024-06-24,13:00:07,9X9IT8,Solventum Corp.,99,0.49,partnerships,,"Solventum Corp.: In collaboration with Sift Healthcare, this solution is designed to",PRESS-RELEASE,Dow Jones Newswires,"Press Release: Solventum introduces denials prevention solution, an AI-powered tool, empowering health systems to help reduce write-offs and improve top line revenue"
SOLV,2024-06-25,16:58:07,9X9IT8,Solventum Corp.,100,0.0,analyst-ratings,neutral,Solventum Is Maintained at Neutral by B of A Securities,NEWS-FLASH,Dow Jones Newswires,Solventum Is Maintained at Neutral by B of A Securities
SOLV,2024-06-25,16:58:07,9X9IT8,Solventum Corp.,100,-0.8,price-targets,downgrade,Solventum Price Target Cut to $60.00/Share From $70.00 by B of A Securities,NEWS-FLASH,Dow Jones Newswires,Solventum Price Target Cut to $60.00/Share From $70.00 by B of A Securities
SOLV,2024-07-10,15:46:18,9X9IT8,Solventum Corp.,100,-0.2,analyst-ratings,neutral,Solventum Is Maintained at Sell by Goldman Sachs,NEWS-FLASH,Dow Jones Newswires,Solventum Is Maintained at Sell by Goldman Sachs
SOLV,2024-07-10,15:46:18,9X9IT8,Solventum Corp.,100,-0.8,price-targets,downgrade,Solventum Price Target Cut to $48.00/Share From $54.00 by Goldman Sachs,NEWS-FLASH,Dow Jones Newswires,Solventum Price Target Cut to $48.00/Share From $54.00 by Goldman Sachs
SOLV,2024-07-15,16:59:54,9X9IT8,Solventum Corp.,100,0.0,analyst-ratings,neutral,Solventum Is Maintained at Equal-Weight by Morgan Stanley,NEWS-FLASH,Dow Jones Newswires,Solventum Is Maintained at Equal-Weight by Morgan Stanley
SOLV,2024-07-15,16:59:54,9X9IT8,Solventum Corp.,100,-0.82,price-targets,downgrade,Solventum Price Target Cut to $55.00/Share From $70.00 by Morgan Stanley,NEWS-FLASH,Dow Jones Newswires,Solventum Price Target Cut to $55.00/Share From $70.00 by Morgan Stanley
SOLV,2024-07-16,10:50:03,9X9IT8,Solventum Corp.,100,0.0,investor-relations,,"Solventum to Report Second Quarter 2024 Financial Results and Host Conference Call on August 8, 2024",PRESS-RELEASE,PR Newswire,"Solventum to Report Second Quarter 2024 Financial Results and Host Conference Call on August 8, 2024"
SOLV,2024-07-16,10:50:03,9X9IT8,Solventum Corp.,100,0.0,earnings,,"Solventum (NYSE: SOLV) will release its second quarter 2024 financial results on Thursday, August 8, 2024",PRESS-RELEASE,PR Newswire,"Solventum to Report Second Quarter 2024 Financial Results and Host Conference Call on August 8, 2024"
SOLV,2024-07-16,10:50:03,9X9IT8,Solventum Corp.,100,0.0,investor-relations,,Solventum Corp.: The company will also host a conference call that day at 4:30 p.m. Eastern Time,PRESS-RELEASE,PR Newswire,"Solventum to Report Second Quarter 2024 Financial Results and Host Conference Call on August 8, 2024"
SOLV,2024-07-16,10:50:03,9X9IT8,Solventum Corp.,100,0.0,investor-relations,,"Solventum to Report Second Quarter 2024 Financial Results and Host Conference Call on August 8, 2024",PRESS-RELEASE,Dow Jones Newswires,"Press Release: Solventum to Report Second Quarter 2024 Financial Results and Host Conference Call on August 8, 2024"
SOLV,2024-07-16,10:50:03,9X9IT8,Solventum Corp.,100,0.0,earnings,,"Solventum (NYSE: SOLV) will release its second quarter 2024 financial results on Thursday, August 8, 2024",PRESS-RELEASE,Dow Jones Newswires,"Press Release: Solventum to Report Second Quarter 2024 Financial Results and Host Conference Call on August 8, 2024"
SOLV,2024-07-16,10:50:03,9X9IT8,Solventum Corp.,100,0.0,investor-relations,,Solventum Corp.: The company will also host a conference call that day at 4:30 p.m. Eastern Time,PRESS-RELEASE,Dow Jones Newswires,"Press Release: Solventum to Report Second Quarter 2024 Financial Results and Host Conference Call on August 8, 2024"
SOLV,2024-07-22,21:48:41,9X9IT8,Solventum Corp.,100,0.57,equity-actions,listing,Solventum shares started trading,FULL-ARTICLE,Dow Jones Newswires,Solventum Stock Jumps as Activist Trian Discloses Stake -- Barrons.com
SOLV,2024-07-22,22:44:29,9X9IT8,Solventum Corp.,99,0.0,revenues,,Solventum Corp.: Analysts estimate the company will have $8 billion in sales,FULL-ARTICLE,Dow Jones Newswires,Trian Takes Aim at 3M Health-Care Spinoff Solventum -- WSJ
SOLV,2024-07-22,22:46:30,9X9IT8,Solventum Corp.,99,0.0,revenues,,Solventum Corp.: Analysts estimate the company will have $8 billion in sales,FULL-ARTICLE,Dow Jones Newswires,Trian Takes Aim at 3M Health-Care Spinoff Solventum -- WSJ
SOLV,2024-07-23,08:51:10,9X9IT8,Solventum Corp.,100,0.0,stock-picks,,"Stocks to Watch: Alphabet, Solventum, BYD, Tesla -- WSJ",FULL-ARTICLE,Dow Jones Newswires,"Stocks to Watch: Alphabet, Solventum, BYD, Tesla -- WSJ"
SOLV,2024-08-08,20:05:13,9X9IT8,Solventum Corp.,100,0.0,earnings,,Solventum Corp.: Second Quarter 2024 Financial Results,PRESS-RELEASE,PR Newswire,Solventum Reports Second Quarter 2024 Financial Results and Raises Full-Year Guidance
SOLV,2024-08-08,20:05:13,9X9IT8,Solventum Corp.,100,0.7,earnings,up,Solventum Reports Second Quarter 2024 Financial Results and Raises Full-Year Guidance,PRESS-RELEASE,PR Newswire,Solventum Reports Second Quarter 2024 Financial Results and Raises Full-Year Guidance
SOLV,2024-08-08,20:05:13,9X9IT8,Solventum Corp.,100,0.41,revenues,up,Solventum Corp.: Reported sales increased 0.2% to $2.081 billion,PRESS-RELEASE,PR Newswire,Solventum Reports Second Quarter 2024 Financial Results and Raises Full-Year Guidance
SOLV,2024-08-08,20:05:13,9X9IT8,Solventum Corp.,100,0.61,earnings,positive,Solventum Corp.: GAAP Earnings Per Share (EPS) of $0.51,PRESS-RELEASE,PR Newswire,Solventum Reports Second Quarter 2024 Financial Results and Raises Full-Year Guidance
SOLV,2024-08-08,20:05:13,9X9IT8,Solventum Corp.,100,0.61,earnings,positive,Solventum Corp.: adjusted EPS1 of $1.56,PRESS-RELEASE,PR Newswire,Solventum Reports Second Quarter 2024 Financial Results and Raises Full-Year Guidance
SOLV,2024-08-08,20:05:13,9X9IT8,Solventum Corp.,100,0.0,earnings,,Solventum Corp.: our first financial results,PRESS-RELEASE,PR Newswire,Solventum Reports Second Quarter 2024 Financial Results and Raises Full-Year Guidance
SOLV,2024-08-08,20:05:13,9X9IT8,Solventum Corp.,100,0.0,earnings,,Solventum Corp.: Operating income,PRESS-RELEASE,PR Newswire,Solventum Reports Second Quarter 2024 Financial Results and Raises Full-Year Guidance
SOLV,2024-08-08,20:05:13,9X9IT8,Solventum Corp.,100,0.0,revenues,,Solventum Corp.: Operating income margin 11.7 %,PRESS-RELEASE,PR Newswire,Solventum Reports Second Quarter 2024 Financial Results and Raises Full-Year Guidance
SOLV,2024-08-08,20:05:13,9X9IT8,Solventum Corp.,100,0.0,revenues,,"Solventum Corp.: By segment, organic sales",PRESS-RELEASE,PR Newswire,Solventum Reports Second Quarter 2024 Financial Results and Raises Full-Year Guidance
SOLV,2024-08-08,20:05:13,9X9IT8,Solventum Corp.,100,0.0,revenues,,"Solventum Corp.: Three months ended June 30, 2024 2023 Sales",PRESS-RELEASE,PR Newswire,Solventum Reports Second Quarter 2024 Financial Results and Raises Full-Year Guidance
SOLV,2024-08-08,20:05:13,9X9IT8,Solventum Corp.,100,0.0,earnings,,Solventum's full-year guidance,PRESS-RELEASE,PR Newswire,Solventum Reports Second Quarter 2024 Financial Results and Raises Full-Year Guidance
SOLV,2024-08-08,20:05:13,9X9IT8,Solventum Corp.,100,0.0,products-services,,Solventum Corp.: 3M supply,PRESS-RELEASE,PR Newswire,Solventum Reports Second Quarter 2024 Financial Results and Raises Full-Year Guidance
SOLV,2024-08-08,20:05:13,9X9IT8,Solventum Corp.,100,0.0,investor-relations,,"Solventum will host a conference call today, August 8, at 4:30 p.m. Eastern Time",PRESS-RELEASE,PR Newswire,Solventum Reports Second Quarter 2024 Financial Results and Raises Full-Year Guidance
SOLV,2024-08-08,20:05:13,9X9IT8,Solventum Corp.,99,0.0,revenues,,"Solventum Corp.: Net sales of product $ 1,605 $ 1,607 $",PRESS-RELEASE,PR Newswire,Solventum Reports Second Quarter 2024 Financial -2-
SOLV,2024-08-08,20:05:13,9X9IT8,Solventum Corp.,99,0.61,earnings,positive,"Solventum Corp.: Gross profit 1,137",PRESS-RELEASE,PR Newswire,Solventum Reports Second Quarter 2024 Financial -2-
SOLV,2024-08-08,20:05:13,9X9IT8,Solventum Corp.,99,0.0,earnings,,Solventum Corp.: Operating income,PRESS-RELEASE,PR Newswire,Solventum Reports Second Quarter 2024 Financial -2-
SOLV,2024-08-08,20:05:13,9X9IT8,Solventum Corp.,99,0.0,earnings,,Solventum Corp.: Earnings per share,PRESS-RELEASE,PR Newswire,Solventum Reports Second Quarter 2024 Financial -2-
SOLV,2024-08-08,20:05:13,9X9IT8,Solventum Corp.,99,0.0,assets,,"Solventum Corp.: Total assets $ 14,578 $ 13,943",PRESS-RELEASE,PR Newswire,Solventum Reports Second Quarter 2024 Financial -2-
SOLV,2024-08-08,20:05:13,9X9IT8,Solventum Corp.,99,0.0,revenues,,Solventum Corp.: Total Sales,PRESS-RELEASE,PR Newswire,Solventum Reports Second Quarter 2024 Financial -3-
SOLV,2024-08-08,20:05:13,9X9IT8,Solventum Corp.,99,0.0,earnings,,Solventum Corp.: Adjusted Operating Income,PRESS-RELEASE,PR Newswire,Solventum Reports Second Quarter 2024 Financial -4-
SOLV,2024-08-08,20:05:13,9X9IT8,Solventum Corp.,99,0.0,earnings,,Solventum Corp.: Adjusted earnings per share,PRESS-RELEASE,PR Newswire,Solventum Reports Second Quarter 2024 Financial -4-
SOLV,2024-08-08,20:05:13,9X9IT8,Solventum Corp.,100,0.0,earnings,,Solventum Corp.: Second Quarter 2024 Financial Results,PRESS-RELEASE,Dow Jones Newswires,Press Release: Solventum Reports Second Quarter 2024 Financial Results and Raises Full-Year Guidance
SOLV,2024-08-08,20:05:13,9X9IT8,Solventum Corp.,100,0.7,earnings,up,Solventum Reports Second Quarter 2024 Financial Results and Raises Full-Year Guidance,PRESS-RELEASE,Dow Jones Newswires,Press Release: Solventum Reports Second Quarter 2024 Financial Results and Raises Full-Year Guidance
SOLV,2024-08-08,20:05:13,9X9IT8,Solventum Corp.,100,0.41,revenues,up,Solventum Corp.: Reported sales increased 0.2% to $2.081 billion,PRESS-RELEASE,Dow Jones Newswires,Press Release: Solventum Reports Second Quarter 2024 Financial Results and Raises Full-Year Guidance
SOLV,2024-08-08,20:05:13,9X9IT8,Solventum Corp.,100,0.61,earnings,positive,Solventum Corp.: GAAP Earnings Per Share (EPS) of $0.51,PRESS-RELEASE,Dow Jones Newswires,Press Release: Solventum Reports Second Quarter 2024 Financial Results and Raises Full-Year Guidance
SOLV,2024-08-08,20:05:13,9X9IT8,Solventum Corp.,100,0.61,earnings,positive,Solventum Corp.: adjusted EPS1 of $1.56,PRESS-RELEASE,Dow Jones Newswires,Press Release: Solventum Reports Second Quarter 2024 Financial Results and Raises Full-Year Guidance
SOLV,2024-08-08,20:05:13,9X9IT8,Solventum Corp.,100,0.0,earnings,,Solventum Corp.: our first financial results,PRESS-RELEASE,Dow Jones Newswires,Press Release: Solventum Reports Second Quarter 2024 Financial Results and Raises Full-Year Guidance
SOLV,2024-08-08,20:05:13,9X9IT8,Solventum Corp.,100,0.0,earnings,,Solventum Corp.: Operating income,PRESS-RELEASE,Dow Jones Newswires,Press Release: Solventum Reports Second Quarter 2024 Financial Results and Raises Full-Year Guidance
SOLV,2024-08-08,20:05:13,9X9IT8,Solventum Corp.,100,0.0,revenues,,Solventum Corp.: Operating income margin 11.7 %,PRESS-RELEASE,Dow Jones Newswires,Press Release: Solventum Reports Second Quarter 2024 Financial Results and Raises Full-Year Guidance
SOLV,2024-08-08,20:05:13,9X9IT8,Solventum Corp.,100,0.0,revenues,,"Solventum Corp.: By segment, organic sales",PRESS-RELEASE,Dow Jones Newswires,Press Release: Solventum Reports Second Quarter 2024 Financial Results and Raises Full-Year Guidance
SOLV,2024-08-08,20:05:13,9X9IT8,Solventum Corp.,100,0.0,revenues,,"Solventum Corp.: Three months ended June 30, 2024 2023 Sales",PRESS-RELEASE,Dow Jones Newswires,Press Release: Solventum Reports Second Quarter 2024 Financial Results and Raises Full-Year Guidance
SOLV,2024-08-08,20:05:13,9X9IT8,Solventum Corp.,100,0.0,earnings,,Solventum's full-year guidance,PRESS-RELEASE,Dow Jones Newswires,Press Release: Solventum Reports Second Quarter 2024 Financial Results and Raises Full-Year Guidance
SOLV,2024-08-08,20:05:13,9X9IT8,Solventum Corp.,100,0.0,products-services,,Solventum Corp.: 3M supply,PRESS-RELEASE,Dow Jones Newswires,Press Release: Solventum Reports Second Quarter 2024 Financial Results and Raises Full-Year Guidance
SOLV,2024-08-08,20:05:13,9X9IT8,Solventum Corp.,100,0.0,investor-relations,,"Solventum will host a conference call today, August 8, at 4:30 p.m. Eastern Time",PRESS-RELEASE,Dow Jones Newswires,Press Release: Solventum Reports Second Quarter 2024 Financial Results and Raises Full-Year Guidance
SOLV,2024-08-08,20:05:13,9X9IT8,Solventum Corp.,99,0.0,revenues,,"Solventum Corp.: Net sales of product $ 1,605 $ 1,607 $",PRESS-RELEASE,Dow Jones Newswires,Press Release: Solventum Reports Second Quarter -2-
SOLV,2024-08-08,20:05:13,9X9IT8,Solventum Corp.,99,0.61,earnings,positive,"Solventum Corp.: Gross profit 1,137",PRESS-RELEASE,Dow Jones Newswires,Press Release: Solventum Reports Second Quarter -2-
SOLV,2024-08-08,20:05:13,9X9IT8,Solventum Corp.,99,0.0,earnings,,Solventum Corp.: Operating income,PRESS-RELEASE,Dow Jones Newswires,Press Release: Solventum Reports Second Quarter -2-
SOLV,2024-08-08,20:05:13,9X9IT8,Solventum Corp.,99,0.0,earnings,,Solventum Corp.: Earnings per share,PRESS-RELEASE,Dow Jones Newswires,Press Release: Solventum Reports Second Quarter -2-
SOLV,2024-08-08,20:05:13,9X9IT8,Solventum Corp.,99,0.0,assets,,"Solventum Corp.: Total assets $ 14,578 $ 13,943",PRESS-RELEASE,Dow Jones Newswires,Press Release: Solventum Reports Second Quarter -2-
SOLV,2024-08-08,20:05:14,9X9IT8,Solventum Corp.,99,0.0,revenues,,Solventum Corp.: Total Sales,PRESS-RELEASE,Dow Jones Newswires,Press Release: Solventum Reports Second Quarter -3-
SOLV,2024-08-08,20:05:14,9X9IT8,Solventum Corp.,99,0.0,earnings,,Solventum Corp.: Adjusted Operating Income,PRESS-RELEASE,Dow Jones Newswires,Press Release: Solventum Reports Second Quarter -4-
SOLV,2024-08-08,20:05:14,9X9IT8,Solventum Corp.,99,0.0,earnings,,Solventum Corp.: Adjusted earnings per share,PRESS-RELEASE,Dow Jones Newswires,Press Release: Solventum Reports Second Quarter -4-
SOLV,2024-08-08,20:14:36,9X9IT8,Solventum Corp.,93,0.0,earnings,,Solventum issued a press release reporting second-quarter financial results,RNS-SEC8K,Dow Jones Newswires,Solventum Files 8K - Operations And Financial Condition >SOLV
SOLV,2024-08-09,16:07:50,9X9IT8,Solventum Corp.,100,0.0,analyst-ratings,neutral,Solventum Is Maintained at Equal-Weight by Wells Fargo,NEWS-FLASH,Dow Jones Newswires,Solventum Is Maintained at Equal-Weight by Wells Fargo
SOLV,2024-08-09,16:07:50,9X9IT8,Solventum Corp.,100,-0.7,price-targets,downgrade,Solventum Price Target Cut to $64.00/Share From $69.00 by Wells Fargo,NEWS-FLASH,Dow Jones Newswires,Solventum Price Target Cut to $64.00/Share From $69.00 by Wells Fargo
SOLV,2024-08-12,16:03:37,9X9IT8,Solventum Corp.,100,-0.2,analyst-ratings,neutral,Solventum Is Maintained at Sell by Goldman Sachs,NEWS-FLASH,Dow Jones Newswires,Solventum Is Maintained at Sell by Goldman Sachs
SOLV,2024-08-12,16:03:37,9X9IT8,Solventum Corp.,100,0.78,price-targets,upgrade,Solventum Price Target Raised to $54.00/Share From $48.00 by Goldman Sachs,NEWS-FLASH,Dow Jones Newswires,Solventum Price Target Raised to $54.00/Share From $48.00 by Goldman Sachs
SOLV,2024-08-24,07:02:03,9X9IT8,Solventum Corp.,100,0.0,investor-relations,,"Solventum CORP COM, Inst Holders, 2Q 2024 (SOLV)",RNS-SEC13F,Dow Jones Newswires,"SOLVENTUM CORP  COM, Inst Holders, 2Q 2024 (SOLV)"
SOLV,2024-08-28,10:50:04,9X9IT8,Solventum Corp.,100,0.0,marketing,,Solventum to Participate in Upcoming Investor Conferences,PRESS-RELEASE,PR Newswire,Solventum to Participate in Upcoming Investor Conferences
SOLV,2024-09-05,01:00:14,9X9IT8,Solventum Corp.,100,0.52,insider-trading,,"Ceo Hanson Acquires 40,793 Of Solventum Corp >SOLV",FULL-ARTICLE,Dow Jones Newswires,"CEO Hanson Acquires 40,793 Of Solventum Corp >SOLV"
SOLV,2024-09-05,12:08:11,9X9IT8,Solventum Corp.,100,0.01,analyst-ratings,neutral,Solventum Initiated at Neutral by BTIG,NEWS-FLASH,Dow Jones Newswires,Solventum Initiated at Neutral by BTIG
SOLV,2024-09-26,12:00:28,9X9IT8,Solventum Corp.,100,0.01,analyst-ratings,neutral,Solventum Initiated at Peer Perform by Wolfe Research,NEWS-FLASH,Dow Jones Newswires,Solventum Initiated at Peer Perform by Wolfe Research
SOLV,2024-10-07,11:57:02,9X9IT8,Solventum Corp.,100,0.01,analyst-ratings,neutral,Solventum Initiated at Neutral by Piper Sandler,NEWS-FLASH,Dow Jones Newswires,Solventum Initiated at Neutral by Piper Sandler
SOLV,2024-10-07,11:57:02,9X9IT8,Solventum Corp.,100,0.0,price-targets,set,Solventum Price Target Announced at $71.00/Share by Piper Sandler,NEWS-FLASH,Dow Jones Newswires,Solventum Price Target Announced at $71.00/Share by Piper Sandler
SOLV,2024-10-08,11:58:44,9X9IT8,Solventum Corp.,100,0.95,analyst-ratings,positive,Solventum Initiated at Buy by Stifel,NEWS-FLASH,Dow Jones Newswires,Solventum Initiated at Buy by Stifel
SOLV,2024-10-08,11:58:44,9X9IT8,Solventum Corp.,100,0.0,price-targets,set,Solventum Price Target Announced at $82.00/Share by Stifel,NEWS-FLASH,Dow Jones Newswires,Solventum Price Target Announced at $82.00/Share by Stifel
SOLV,2024-10-10,13:01:46,9X9IT8,Solventum Corp.,100,0.53,labor-issues,,Solventum Appoints Ryan Egeland as Chief Medical Officer >SOLV,NEWS-FLASH,Dow Jones Newswires,Solventum Appoints Ryan Egeland as Chief Medical Officer >SOLV
SOLV,2024-10-15,10:50:02,9X9IT8,Solventum Corp.,100,0.0,investor-relations,,"Solventum to Report Third Quarter 2024 Financial Results and Host Conference Call on November 7, 2024",PRESS-RELEASE,PR Newswire,"Solventum to Report Third Quarter 2024 Financial Results and Host Conference Call on November 7, 2024"
SOLV,2024-10-15,10:50:02,9X9IT8,Solventum Corp.,100,0.0,earnings,,"Solventum (NYSE: SOLV) will release its third quarter 2024 financial results on Thursday, November 7, 2024",PRESS-RELEASE,PR Newswire,"Solventum to Report Third Quarter 2024 Financial Results and Host Conference Call on November 7, 2024"
SOLV,2024-10-15,10:50:02,9X9IT8,Solventum Corp.,100,0.0,investor-relations,,Solventum Corp.: The company will also host a conference call that day at 4:30 p.m. Eastern Time,PRESS-RELEASE,PR Newswire,"Solventum to Report Third Quarter 2024 Financial Results and Host Conference Call on November 7, 2024"
SOLV,2024-10-15,10:50:03,9X9IT8,Solventum Corp.,100,0.0,investor-relations,,"Solventum to Report Third Quarter 2024 Financial Results and Host Conference Call on November 7, 2024",PRESS-RELEASE,Dow Jones Newswires,"Press Release: Solventum to Report Third Quarter 2024 Financial Results and Host Conference Call on November 7, 2024"
SOLV,2024-10-15,10:50:03,9X9IT8,Solventum Corp.,100,0.0,earnings,,"Solventum (NYSE: SOLV) will release its third quarter 2024 financial results on Thursday, November 7, 2024",PRESS-RELEASE,Dow Jones Newswires,"Press Release: Solventum to Report Third Quarter 2024 Financial Results and Host Conference Call on November 7, 2024"
SOLV,2024-10-15,10:50:03,9X9IT8,Solventum Corp.,100,0.0,investor-relations,,Solventum Corp.: The company will also host a conference call that day at 4:30 p.m. Eastern Time,PRESS-RELEASE,Dow Jones Newswires,"Press Release: Solventum to Report Third Quarter 2024 Financial Results and Host Conference Call on November 7, 2024"
SOLV,2024-10-24,15:33:22,9X9IT8,Solventum Corp.,100,0.38,labor-issues,,Solventum Taps Bankers to,NEWS-FLASH,Dow Jones Newswires,"Solventum Taps Bankers to Explore Sale of Purification and Filtration Unit, Sources Say -- WSJ"
SOLV,2024-11-07,21:05:12,9X9IT8,Solventum Corp.,100,0.0,earnings,,Solventum Corp.: Third Quarter 2024 Financial Results,PRESS-RELEASE,PR Newswire,Solventum Reports Third Quarter 2024 Financial Results and Raises Full-Year Guidance
SOLV,2024-11-07,21:05:12,9X9IT8,Solventum Corp.,100,0.7,earnings,up,Solventum Reports Third Quarter 2024 Financial Results and Raises Full-Year Guidance,PRESS-RELEASE,PR Newswire,Solventum Reports Third Quarter 2024 Financial Results and Raises Full-Year Guidance
SOLV,2024-11-07,21:05:12,9X9IT8,Solventum Corp.,100,0.41,revenues,up,Solventum Corp.: Reported sales increased 0.4% to $2.082 billion,PRESS-RELEASE,PR Newswire,Solventum Reports Third Quarter 2024 Financial Results and Raises Full-Year Guidance
SOLV,2024-11-07,21:05:12,9X9IT8,Solventum Corp.,100,0.61,earnings,positive,Solventum Corp.: GAAP Earnings Per Share (EPS) of $0.70,PRESS-RELEASE,PR Newswire,Solventum Reports Third Quarter 2024 Financial Results and Raises Full-Year Guidance
SOLV,2024-11-07,21:05:12,9X9IT8,Solventum Corp.,100,0.61,earnings,positive,Solventum Corp.: adjusted EPS1 of $1.64,PRESS-RELEASE,PR Newswire,Solventum Reports Third Quarter 2024 Financial Results and Raises Full-Year Guidance
SOLV,2024-11-07,21:05:12,9X9IT8,Solventum Corp.,100,0.7,earnings,up,Solventum Corp.: we are again raising our full-year guidance,PRESS-RELEASE,PR Newswire,Solventum Reports Third Quarter 2024 Financial Results and Raises Full-Year Guidance
SOLV,2024-11-07,21:05:12,9X9IT8,Solventum Corp.,100,0.0,earnings,,Solventum Corp.: Operating income,PRESS-RELEASE,PR Newswire,Solventum Reports Third Quarter 2024 Financial Results and Raises Full-Year Guidance
SOLV,2024-11-07,21:05:12,9X9IT8,Solventum Corp.,100,0.0,revenues,,Solventum Corp.: Operating income margin 13.2 %,PRESS-RELEASE,PR Newswire,Solventum Reports Third Quarter 2024 Financial Results and Raises Full-Year Guidance
SOLV,2024-11-07,21:05:12,9X9IT8,Solventum Corp.,100,0.0,revenues,,"Solventum Corp.: By segment, organic sales",PRESS-RELEASE,PR Newswire,Solventum Reports Third Quarter 2024 Financial Results and Raises Full-Year Guidance
SOLV,2024-11-07,21:05:12,9X9IT8,Solventum Corp.,100,0.41,revenues,up,Solventum Corp.: Organic sales growth to the upper half of 0% to +1.0%,PRESS-RELEASE,PR Newswire,Solventum Reports Third Quarter 2024 Financial Results and Raises Full-Year Guidance
SOLV,2024-11-07,21:05:12,9X9IT8,Solventum Corp.,100,0.0,investor-relations,,"Solventum will host a conference call today, November 7, at 4:30 p.m. Eastern Time",PRESS-RELEASE,PR Newswire,Solventum Reports Third Quarter 2024 Financial Results and Raises Full-Year Guidance
SOLV,2024-11-07,21:05:12,9X9IT8,Solventum Corp.,99,0.0,revenues,,"Solventum Corp.: Net sales of product $ 1,608 $ 1,593 $",PRESS-RELEASE,PR Newswire,Solventum Reports Third Quarter 2024 Financial -2-
SOLV,2024-11-07,21:05:12,9X9IT8,Solventum Corp.,99,0.61,earnings,positive,"Solventum Corp.: Gross profit 1,165",PRESS-RELEASE,PR Newswire,Solventum Reports Third Quarter 2024 Financial -2-
SOLV,2024-11-07,21:05:12,9X9IT8,Solventum Corp.,99,0.0,earnings,,Solventum Corp.: Operating income,PRESS-RELEASE,PR Newswire,Solventum Reports Third Quarter 2024 Financial -2-
SOLV,2024-11-07,21:05:12,9X9IT8,Solventum Corp.,99,0.0,earnings,,Solventum Corp.: Earnings per share,PRESS-RELEASE,PR Newswire,Solventum Reports Third Quarter 2024 Financial -2-
SOLV,2024-11-07,21:05:12,9X9IT8,Solventum Corp.,99,0.0,assets,,"Solventum Corp.: Total assets $ 14,745 $ 13,943",PRESS-RELEASE,PR Newswire,Solventum Reports Third Quarter 2024 Financial -2-
SOLV,2024-11-07,21:05:12,9X9IT8,Solventum Corp.,99,0.0,earnings,,Solventum Corp.: Adjusted Operating Income,PRESS-RELEASE,PR Newswire,Solventum Reports Third Quarter 2024 Financial -4-
SOLV,2024-11-07,21:05:12,9X9IT8,Solventum Corp.,99,0.0,earnings,,Solventum Corp.: Adjusted earnings per share,PRESS-RELEASE,PR Newswire,Solventum Reports Third Quarter 2024 Financial -4-
SOLV,2024-11-07,21:05:13,9X9IT8,Solventum Corp.,100,0.0,earnings,,Solventum Corp.: Third Quarter 2024 Financial Results,PRESS-RELEASE,Dow Jones Newswires,Press Release: Solventum Reports Third Quarter 2024 Financial Results and Raises Full-Year Guidance
SOLV,2024-11-07,21:05:13,9X9IT8,Solventum Corp.,100,0.7,earnings,up,Solventum Reports Third Quarter 2024 Financial Results and Raises Full-Year Guidance,PRESS-RELEASE,Dow Jones Newswires,Press Release: Solventum Reports Third Quarter 2024 Financial Results and Raises Full-Year Guidance
SOLV,2024-11-07,21:05:13,9X9IT8,Solventum Corp.,100,0.41,revenues,up,Solventum Corp.: Reported sales increased 0.4% to $2.082 billion,PRESS-RELEASE,Dow Jones Newswires,Press Release: Solventum Reports Third Quarter 2024 Financial Results and Raises Full-Year Guidance
SOLV,2024-11-07,21:05:13,9X9IT8,Solventum Corp.,100,0.61,earnings,positive,Solventum Corp.: GAAP Earnings Per Share (EPS) of $0.70,PRESS-RELEASE,Dow Jones Newswires,Press Release: Solventum Reports Third Quarter 2024 Financial Results and Raises Full-Year Guidance
SOLV,2024-11-07,21:05:13,9X9IT8,Solventum Corp.,100,0.61,earnings,positive,Solventum Corp.: adjusted EPS1 of $1.64,PRESS-RELEASE,Dow Jones Newswires,Press Release: Solventum Reports Third Quarter 2024 Financial Results and Raises Full-Year Guidance
SOLV,2024-11-07,21:05:13,9X9IT8,Solventum Corp.,100,0.7,earnings,up,Solventum Corp.: we are again raising our full-year guidance,PRESS-RELEASE,Dow Jones Newswires,Press Release: Solventum Reports Third Quarter 2024 Financial Results and Raises Full-Year Guidance
SOLV,2024-11-07,21:05:13,9X9IT8,Solventum Corp.,100,0.0,earnings,,Solventum Corp.: Operating income,PRESS-RELEASE,Dow Jones Newswires,Press Release: Solventum Reports Third Quarter 2024 Financial Results and Raises Full-Year Guidance
SOLV,2024-11-07,21:05:13,9X9IT8,Solventum Corp.,100,0.0,revenues,,Solventum Corp.: Operating income margin 13.2 %,PRESS-RELEASE,Dow Jones Newswires,Press Release: Solventum Reports Third Quarter 2024 Financial Results and Raises Full-Year Guidance
SOLV,2024-11-07,21:05:13,9X9IT8,Solventum Corp.,100,0.0,revenues,,"Solventum Corp.: By segment, organic sales",PRESS-RELEASE,Dow Jones Newswires,Press Release: Solventum Reports Third Quarter 2024 Financial Results and Raises Full-Year Guidance
SOLV,2024-11-07,21:05:13,9X9IT8,Solventum Corp.,100,0.41,revenues,up,Solventum Corp.: Organic sales growth to the upper half of 0% to +1.0%,PRESS-RELEASE,Dow Jones Newswires,Press Release: Solventum Reports Third Quarter 2024 Financial Results and Raises Full-Year Guidance
SOLV,2024-11-07,21:05:13,9X9IT8,Solventum Corp.,100,0.0,investor-relations,,"Solventum will host a conference call today, November 7, at 4:30 p.m. Eastern Time",PRESS-RELEASE,Dow Jones Newswires,Press Release: Solventum Reports Third Quarter 2024 Financial Results and Raises Full-Year Guidance
SOLV,2024-11-07,21:05:13,9X9IT8,Solventum Corp.,99,0.0,revenues,,"Solventum Corp.: Net sales of product $ 1,608 $ 1,593 $",PRESS-RELEASE,Dow Jones Newswires,Press Release: Solventum Reports Third Quarter -2-
SOLV,2024-11-07,21:05:13,9X9IT8,Solventum Corp.,99,0.61,earnings,positive,"Solventum Corp.: Gross profit 1,165",PRESS-RELEASE,Dow Jones Newswires,Press Release: Solventum Reports Third Quarter -2-
SOLV,2024-11-07,21:05:13,9X9IT8,Solventum Corp.,99,0.0,earnings,,Solventum Corp.: Operating income,PRESS-RELEASE,Dow Jones Newswires,Press Release: Solventum Reports Third Quarter -2-
SOLV,2024-11-07,21:05:13,9X9IT8,Solventum Corp.,99,0.0,earnings,,Solventum Corp.: Earnings per share,PRESS-RELEASE,Dow Jones Newswires,Press Release: Solventum Reports Third Quarter -2-
SOLV,2024-11-07,21:05:13,9X9IT8,Solventum Corp.,99,0.0,assets,,"Solventum Corp.: Total assets $ 14,745 $ 13,943",PRESS-RELEASE,Dow Jones Newswires,Press Release: Solventum Reports Third Quarter -2-
SOLV,2024-11-07,21:05:13,9X9IT8,Solventum Corp.,99,0.0,earnings,,Solventum Corp.: Adjusted Operating Income,PRESS-RELEASE,Dow Jones Newswires,Press Release: Solventum Reports Third Quarter -4-
SOLV,2024-11-07,21:05:13,9X9IT8,Solventum Corp.,99,0.0,earnings,,Solventum Corp.: Adjusted earnings per share,PRESS-RELEASE,Dow Jones Newswires,Press Release: Solventum Reports Third Quarter -4-
SOLV,2024-11-07,21:18:12,9X9IT8,Solventum Corp.,93,0.0,earnings,,Solventum issued a press release reporting third-quarter financial results,RNS-SEC8K,Dow Jones Newswires,Solventum Files 8K - Operations And Financial Condition >SOLV
SOLV,2024-11-08,13:53:56,9X9IT8,Solventum Corp.,100,0.0,analyst-ratings,neutral,Solventum Is Maintained at Neutral by Piper Sandler,NEWS-FLASH,Dow Jones Newswires,Solventum Is Maintained at Neutral by Piper Sandler
SOLV,2024-11-08,13:53:56,9X9IT8,Solventum Corp.,100,0.6,price-targets,upgrade,Solventum Price Target Raised to $75.00/Share From $71.00 by Piper Sandler,NEWS-FLASH,Dow Jones Newswires,Solventum Price Target Raised to $75.00/Share From $71.00 by Piper Sandler
SOLV,2024-11-11,12:28:52,9X9IT8,Solventum Corp.,100,0.0,analyst-ratings,neutral,Solventum Is Maintained at Equal-Weight by Morgan Stanley,NEWS-FLASH,Dow Jones Newswires,Solventum Is Maintained at Equal-Weight by Morgan Stanley
SOLV,2024-11-11,12:28:52,9X9IT8,Solventum Corp.,100,0.78,price-targets,upgrade,Solventum Price Target Raised to $73.00/Share From $60.00 by Morgan Stanley,NEWS-FLASH,Dow Jones Newswires,Solventum Price Target Raised to $73.00/Share From $60.00 by Morgan Stanley
SOLV,2024-11-19,11:50:03,9X9IT8,Solventum Corp.,100,0.0,marketing,,Solventum to Participate in the Piper Sandler Healthcare Conference,PRESS-RELEASE,PR Newswire,Solventum to Participate in the Piper Sandler Healthcare Conference
SOLV,2024-11-19,11:59:35,9X9IT8,Solventum Corp.,100,0.0,marketing,,Solventum to Participate in the Piper Sandler Healthcare Conference,PRESS-RELEASE,Dow Jones Newswires,Press Release: Solventum to Participate in the Piper Sandler Healthcare Conference
SOLV,2024-11-24,08:00:22,9X9IT8,Solventum Corp.,100,0.0,investor-relations,,"Solventum CORP COM, Inst Holders, 3Q 2024 (SOLV)",RNS-SEC13F,Dow Jones Newswires,"SOLVENTUM CORP  COM, Inst Holders, 3Q 2024 (SOLV)"
SOLV,2024-12-03,22:41:40,9X9IT8,Solventum Corp.,100,0.52,insider-trading,,"Officer Harrington Acquires 7,261 Of Solventum Corp >SOLV",FULL-ARTICLE,Dow Jones Newswires,"Officer Harrington Acquires 7,261 Of Solventum Corp >SOLV"
SOLV,2024-12-03,22:44:38,9X9IT8,Solventum Corp.,100,0.52,insider-trading,,"Cfo McMillan Acquires 16,898 Of Solventum Corp >SOLV",FULL-ARTICLE,Dow Jones Newswires,"CFO McMillan Acquires 16,898 Of Solventum Corp >SOLV"
SOLV,2024-12-03,22:45:44,9X9IT8,Solventum Corp.,100,0.52,insider-trading,,"Officer Kirberger Acquires 2,569 Of Solventum Corp >SOLV",FULL-ARTICLE,Dow Jones Newswires,"Officer Kirberger Acquires 2,569 Of Solventum Corp >SOLV"
SOLV,2024-12-04,10:04:28,9X9IT8,Solventum Corp.,100,0.01,analyst-ratings,neutral,Solventum Initiated at Neutral by Mizuho,NEWS-FLASH,Dow Jones Newswires,Solventum Initiated at Neutral by Mizuho
SOLV,2024-12-04,10:04:28,9X9IT8,Solventum Corp.,100,0.0,price-targets,set,Solventum Price Target Announced at $70.00/Share by Mizuho,NEWS-FLASH,Dow Jones Newswires,Solventum Price Target Announced at $70.00/Share by Mizuho
SOLV,2025-05-14,05:30:00,243B52,Solvac S.A.,94,0.0,investor-relations,,Solvac S.A.: The Annual Ordinary Shareholders' Meeting,PRESS-RELEASE,Hugin GlobeNewswire,Press Release: Results of the Ordinary Shareholders' Meeting of Solvac
SOLV,2025-05-14,05:30:00,243B52,Solvac S.A.,94,0.0,dividends,,Solvac S.A.: the total dividend per share,PRESS-RELEASE,Hugin GlobeNewswire,Press Release: Results of the Ordinary Shareholders' Meeting of Solvac
SOLV,2025-05-14,05:30:01,243B52,Solvac S.A.,94,0.0,investor-relations,,Solvac S.A.: The Annual Ordinary Shareholders' Meeting,PRESS-RELEASE,Dow Jones Newswires,Press Release: Results of the Ordinary Shareholders' Meeting of Solvac
SOLV,2025-05-14,05:30:01,243B52,Solvac S.A.,94,0.0,dividends,,Solvac S.A.: the total dividend per share,PRESS-RELEASE,Dow Jones Newswires,Press Release: Results of the Ordinary Shareholders' Meeting of Solvac
SOLV,2025-03-20,10:53:21,654DDF,Solvang ASA,99,0.39,products-services,,"Company, has signed an agreement with Solvang",PRESS-RELEASE,GlobeNewswire,Solvang Commits to Inmarsat Nexuswave Fleetwide for Crew and Business Connectivity
SOLV,2025-03-20,10:53:21,654DDF,Solvang ASA,99,0.39,products-services,,"Company, has signed an agreement with Solvang",PRESS-RELEASE,Dow Jones Newswires,Press Release: Solvang Commits to Inmarsat Nexuswave Fleetwide for Crew and Business Connectivity
SOLV,2025-01-06,22:06:06,9X9IT8,Solventum Corp.,100,0.52,insider-trading,,"Officer Gomez Acquires 2,994 Of Solventum Corp >SOLV",FULL-ARTICLE,Dow Jones Newswires,"Officer Gomez Acquires 2,994 Of Solventum Corp >SOLV"
SOLV,2025-01-30,21:05:07,9X9IT8,Solventum Corp.,100,0.0,earnings,,"Solventum to Report Fourth Quarter and Full Year Fiscal 2024 Earnings on February 27, 2025",PRESS-RELEASE,PR Newswire,"Solventum to Report Fourth Quarter and Full Year Fiscal 2024 Earnings on February 27, 2025"
SOLV,2025-01-30,21:05:07,9X9IT8,Solventum Corp.,100,0.0,earnings,,"Solventum to Report Fourth Quarter and Full Year Fiscal 2024 Earnings on February 27, 2025",PRESS-RELEASE,PR Newswire,"Solventum to Report Fourth Quarter and Full Year Fiscal 2024 Earnings on February 27, 2025"
SOLV,2025-01-30,21:05:07,9X9IT8,Solventum Corp.,100,0.0,earnings,,"Solventum to Report Fourth Quarter and Full Year Fiscal 2024 Earnings on February 27, 2025",PRESS-RELEASE,Dow Jones Newswires,"Press Release: Solventum to Report Fourth Quarter and Full Year Fiscal 2024 Earnings on February 27, 2025"
SOLV,2025-01-30,21:05:07,9X9IT8,Solventum Corp.,100,0.0,earnings,,"Solventum to Report Fourth Quarter and Full Year Fiscal 2024 Earnings on February 27, 2025",PRESS-RELEASE,Dow Jones Newswires,"Press Release: Solventum to Report Fourth Quarter and Full Year Fiscal 2024 Earnings on February 27, 2025"
SOLV,2025-02-03,21:51:07,9X9IT8,Solventum Corp.,100,0.52,insider-trading,,"Officer Landucci Acquires 16,546 Of Solventum Corp >SOLV",FULL-ARTICLE,Dow Jones Newswires,"Officer Landucci Acquires 16,546 Of Solventum Corp >SOLV"
SOLV,2025-02-24,08:16:17,9X9IT8,Solventum Corp.,100,0.0,investor-relations,,"Solventum CORP COM, Inst Holders, 4Q 2024 (SOLV)",RNS-SEC13F,Dow Jones Newswires,"SOLVENTUM CORP  COM, Inst Holders, 4Q 2024 (SOLV)"
SOLV,2025-02-24,23:03:45,9X9IT8,Solventum Corp.,100,0.5,acquisitions-mergers,interest,Thermo Fisher Nears Deal for Solventum Filtration Unit,FULL-ARTICLE,Dow Jones Newswires,Thermo Fisher Nears Deal for Solventum Filtration Unit -- WSJ
SOLV,2025-02-24,23:40:49,9X9IT8,Solventum Corp.,100,0.5,acquisitions-mergers,interest,Thermo Fisher Nears Deal for Solventum's Filtration Unit,FULL-ARTICLE,Dow Jones Newswires,Thermo Fisher Nears Deal for Solventum's Filtration Unit - Update
SOLV,2025-02-25,13:32:00,9X9IT8,Solventum Corp.,100,0.58,acquisitions-mergers,,Thermo Fisher Scientific To Acquire Solventum's Purification And Filtration Business,NEWS-FLASH,Dow Jones Newswires,Thermo Fisher Scientific To Acquire Solventum's Purification And Filtration Business >TMO
SOLV,2025-02-25,13:32:00,9X9IT8,Solventum Corp.,100,0.58,acquisitions-mergers,,Thermo Fisher Scientific to Acquire Solventum's Purification and Filtration Business,PRESS-RELEASE,Business Wire,Thermo Fisher Scientific to Acquire Solventum's Purification and Filtration Business
SOLV,2025-02-25,13:32:00,9X9IT8,Solventum Corp.,100,0.65,acquisitions-mergers,,Thermo Fisher Scientific to Acquire Solventum,PRESS-RELEASE,Business Wire,Thermo Fisher Scientific to Acquire Solventum's -2-
SOLV,2025-02-25,13:32:01,9X9IT8,Solventum Corp.,100,0.58,acquisitions-mergers,,Thermo Fisher Scientific to Acquire Solventum's Purification and Filtration Business,PRESS-RELEASE,Dow Jones Newswires,Press Release: Thermo Fisher Scientific to Acquire Solventum's Purification and Filtration Business
SOLV,2025-02-25,13:32:43,9X9IT8,Solventum Corp.,100,0.65,acquisitions-mergers,,Thermo Fisher to Buy Solventum,NEWS-FLASH,Dow Jones Newswires,"Thermo Fisher to Buy Solventum Purification, Filtration Business for About $4.1 Billion Cash >TMO SOLV"
SOLV,2025-02-25,13:39:17,9X9IT8,Solventum Corp.,100,0.58,acquisitions-mergers,,Solventum Announces Sale of its Purification & Filtration Business to Thermo Fisher Scientific Inc.,PRESS-RELEASE,PR Newswire,Solventum Announces Sale of its Purification & Filtration Business to Thermo Fisher Scientific Inc. for $4.1B
SOLV,2025-02-25,13:39:17,9X9IT8,Solventum Corp.,100,0.58,acquisitions-mergers,,Solventum Announces Sale of its Purification & Filtration Business to Thermo Fisher Scientific Inc.,PRESS-RELEASE,Dow Jones Newswires,Press Release: Solventum Announces Sale of its Purification & Filtration Business to Thermo Fisher Scientific Inc. for $4.1B
SOLV,2025-02-25,13:39:36,9X9IT8,Solventum Corp.,100,0.58,acquisitions-mergers,,Solventum Announces Sale of Its Purification & Filtration Business to Thermo Fisher Scientific Inc.,NEWS-FLASH,Dow Jones Newswires,Solventum Announces Sale of Its Purification & Filtration Business to Thermo Fisher Scientific Inc. for $4.1B
SOLV,2025-02-25,13:50:44,9X9IT8,Solventum Corp.,100,0.58,acquisitions-mergers,,Thermo Fisher Scientific to Acquire Solventum's Filtration Unit,FULL-ARTICLE,Dow Jones Newswires,"Thermo Fisher Scientific to Acquire Solventum's Filtration Unit, Confirming WSJ Report"
SOLV,2025-02-25,14:05:44,9X9IT8,Solventum Corp.,100,0.58,acquisitions-mergers,,Thermo Fisher Scientific to Acquire Solventum's Filtration Unit,FULL-ARTICLE,Dow Jones Newswires,"Thermo Fisher Scientific to Acquire Solventum's Filtration Unit, Confirming WSJ Report"
SOLV,2025-02-25,14:09:59,9X9IT8,Solventum Corp.,96,0.65,acquisitions-mergers,,Thermo Fisher Scientific said Tuesday it is buying Solventum,FULL-ARTICLE,Dow Jones Newswires,Thermo Fisher Strikes Deal for Solventum's Filtration Unit -- WSJ
SOLV,2025-02-26,07:32:15,9X9IT8,Solventum Corp.,97,0.65,acquisitions-mergers,,Thermo Fisher Scientific said Tuesday it is buying Solventum,FULL-ARTICLE,Wall Street Journal,Thermo Fisher Strikes Deal for Solventum's Filtration Unit -- WSJ
SOLV,2025-02-26,12:54:58,9X9IT8,Solventum Corp.,100,0.0,analyst-ratings,neutral,Solventum Is Maintained at Neutral by B of A Securities,NEWS-FLASH,Dow Jones Newswires,Solventum Is Maintained at Neutral by B of A Securities
SOLV,2025-02-26,12:54:58,9X9IT8,Solventum Corp.,100,0.62,price-targets,upgrade,Solventum Price Target Raised to $85.00/Share From $80.00 by B of A Securities,NEWS-FLASH,Dow Jones Newswires,Solventum Price Target Raised to $85.00/Share From $80.00 by B of A Securities
SOLV,2025-02-26,18:22:39,9X9IT8,Solventum Corp.,99,0.47,credit-ratings,positive,Fitch Ratings has placed Solventum Corporation on Rating Watch Positive,PRESS-RELEASE,Dow Jones Newswires,Press Release: Fitch Places Solventum's 'BBB-'/'F3' Ratings on Positive Watch
SOLV,2025-02-26,19:23:05,9X9IT8,Solventum Corp.,99,0.58,acquisitions-mergers,,Solventum had said Tuesday it agreed to sell its purification and filtration unit to Thermo Fisher Scientific,FULL-ARTICLE,Dow Jones Newswires,Nelson Peltz's Trian to Push Solventum to Further Simplify Business -- WSJ
SOLV,2025-02-26,19:23:05,9X9IT8,Solventum Corp.,99,0.44,credit,reduction,Solventum Corp.: allow the company to pay down debt,FULL-ARTICLE,Dow Jones Newswires,Nelson Peltz's Trian to Push Solventum to Further Simplify Business -- WSJ
SOLV,2025-02-26,20:29:51,9X9IT8,Solventum Corp.,99,0.58,acquisitions-mergers,,Solventum had said Tuesday it agreed to sell its purification and filtration unit to Thermo Fisher Scientific,FULL-ARTICLE,Dow Jones Newswires,Nelson Peltz's Trian to Push Solventum to Further Simplify Business -- Update
SOLV,2025-02-26,20:29:51,9X9IT8,Solventum Corp.,99,0.44,credit,reduction,Solventum Corp.: allow the company to pay down debt,FULL-ARTICLE,Dow Jones Newswires,Nelson Peltz's Trian to Push Solventum to Further Simplify Business -- Update
SOLV,2025-02-26,23:27:14,9X9IT8,Solventum Corp.,99,0.58,acquisitions-mergers,,Solventum had said Tuesday it agreed to sell its purification and filtration unit to Thermo Fisher Scientific,FULL-ARTICLE,Dow Jones Newswires,Nelson Peltz's Trian to Push Solventum to Further Simplify Business -- 2nd Update
SOLV,2025-02-26,23:27:14,9X9IT8,Solventum Corp.,99,0.44,credit,reduction,Solventum Corp.: allow the company to pay down debt,FULL-ARTICLE,Dow Jones Newswires,Nelson Peltz's Trian to Push Solventum to Further Simplify Business -- 2nd Update
SOLV,2025-02-27,07:12:17,9X9IT8,Solventum Corp.,100,0.55,equity-actions,,Solventum To Split Off More Units ---- By,FULL-ARTICLE,Dow Jones Newswires,Business News: Peltz Pushes Solventum To Split Off More Units ---- By Ben Glickman
SOLV,2025-02-27,07:12:17,9X9IT8,Solventum Corp.,100,0.58,acquisitions-mergers,,Solventum had said Tuesday it agreed to sell its purification and filtration unit to Thermo Fisher Scientific,FULL-ARTICLE,Dow Jones Newswires,Business News: Peltz Pushes Solventum To Split Off More Units ---- By Ben Glickman
SOLV,2025-02-27,07:12:17,9X9IT8,Solventum Corp.,100,0.44,credit,reduction,Solventum Corp.: allow the company to pay down debt,FULL-ARTICLE,Dow Jones Newswires,Business News: Peltz Pushes Solventum To Split Off More Units ---- By Ben Glickman
SOLV,2025-02-27,07:32:13,9X9IT8,Solventum Corp.,100,0.55,equity-actions,,Solventum To Split Off More Units -- WSJ,FULL-ARTICLE,Wall Street Journal,Peltz Pushes Solventum To Split Off More Units -- WSJ
SOLV,2025-02-27,07:32:13,9X9IT8,Solventum Corp.,100,0.58,acquisitions-mergers,,Solventum had said Tuesday it agreed to sell its purification and filtration unit to Thermo Fisher Scientific,FULL-ARTICLE,Wall Street Journal,Peltz Pushes Solventum To Split Off More Units -- WSJ
SOLV,2025-02-27,07:32:13,9X9IT8,Solventum Corp.,100,0.44,credit,reduction,Solventum Corp.: allow the company to pay down debt,FULL-ARTICLE,Wall Street Journal,Peltz Pushes Solventum To Split Off More Units -- WSJ
SOLV,2025-02-27,17:27:14,9X9IT8,Solventum Corp.,100,0.47,credit-ratings,positive,S&PGR Puts Solventum Rtgs On Watch Pos,PRESS-RELEASE,Dow Jones Newswires,Press Release: S&PGR Puts Solventum Rtgs On Watch Pos Pending P&F Bus Sale
SOLV,2025-02-27,17:27:14,9X9IT8,Solventum Corp.,100,0.0,revenues,,Solventum's consolidated sales in 2024,PRESS-RELEASE,Dow Jones Newswires,Press Release: S&PGR Puts Solventum Rtgs On Watch Pos Pending P&F Bus Sale
SOLV,2025-02-27,17:27:14,9X9IT8,Solventum Corp.,100,0.47,credit-ratings,positive,S&PGR Puts Solventum Rtgs On Watch Pos,NEWS-FLASH,Dow Jones Newswires,S&PGR Puts Solventum Rtgs On Watch Pos Pending P&F Bus Sale
SOLV,2025-02-27,17:27:24,9X9IT8,Solventum Corp.,100,-0.5,credit-ratings,,S&PGR Puts Solventum Rtgs On Watch,PRESS-RELEASE,Dow Jones Newswires,Press Release: S&PGR Puts Solventum Rtgs On Watch -2-
SOLV,2025-02-27,21:05:27,9X9IT8,Solventum Corp.,100,0.0,earnings,,Solventum Corp.: Fourth Quarter 2024 Financial Results,PRESS-RELEASE,PR Newswire,Solventum Reports Fourth Quarter 2024 Financial Results and Introduces 2025 Full-Year Guidance
SOLV,2025-02-27,21:05:27,9X9IT8,Solventum Corp.,100,0.41,revenues,up,Solventum Corp.: Reported sales increased 1.9% to $2.074 billion,PRESS-RELEASE,PR Newswire,Solventum Reports Fourth Quarter 2024 Financial Results and Introduces 2025 Full-Year Guidance
SOLV,2025-02-27,21:05:27,9X9IT8,Solventum Corp.,100,0.61,earnings,positive,Solventum Corp.: GAAP diluted Earnings Per Share (EPS) of $0.17,PRESS-RELEASE,PR Newswire,Solventum Reports Fourth Quarter 2024 Financial Results and Introduces 2025 Full-Year Guidance
SOLV,2025-02-27,21:05:27,9X9IT8,Solventum Corp.,100,0.61,earnings,positive,Solventum Corp.: adjusted EPS1 of $1.41,PRESS-RELEASE,PR Newswire,Solventum Reports Fourth Quarter 2024 Financial Results and Introduces 2025 Full-Year Guidance
SOLV,2025-02-27,21:05:27,9X9IT8,Solventum Corp.,100,0.0,earnings,,Solventum Corp.: Operating income,PRESS-RELEASE,PR Newswire,Solventum Reports Fourth Quarter 2024 Financial Results and Introduces 2025 Full-Year Guidance
SOLV,2025-02-27,21:05:27,9X9IT8,Solventum Corp.,100,0.0,revenues,,Solventum Corp.: Operating income margin 6.6 %,PRESS-RELEASE,PR Newswire,Solventum Reports Fourth Quarter 2024 Financial Results and Introduces 2025 Full-Year Guidance
SOLV,2025-02-27,21:05:27,9X9IT8,Solventum Corp.,100,0.0,earnings,,Solventum Corp.: Year Ended 2024 Financial Results,PRESS-RELEASE,PR Newswire,Solventum Reports Fourth Quarter 2024 Financial Results and Introduces 2025 Full-Year Guidance
SOLV,2025-02-27,21:05:27,9X9IT8,Solventum Corp.,100,0.65,revenues,up,Solventum Corp.: Reported and organic sales growth in the quarter,PRESS-RELEASE,PR Newswire,Solventum Reports Fourth Quarter 2024 Financial Results and Introduces 2025 Full-Year Guidance
SOLV,2025-02-27,21:05:27,9X9IT8,Solventum Corp.,100,0.0,earnings,,Solventum Corp.: Full-Year 2025 Guidance,PRESS-RELEASE,PR Newswire,Solventum Reports Fourth Quarter 2024 Financial Results and Introduces 2025 Full-Year Guidance
SOLV,2025-02-27,21:05:27,9X9IT8,Solventum Corp.,100,0.0,earnings,,Solventum Corp.: our annual guidance,PRESS-RELEASE,PR Newswire,Solventum Reports Fourth Quarter 2024 Financial Results and Introduces 2025 Full-Year Guidance
SOLV,2025-02-27,21:05:27,9X9IT8,Solventum Corp.,100,0.0,investor-relations,,"Solventum will host a conference call today, February 27, at 4:30 p.m. Eastern Time",PRESS-RELEASE,PR Newswire,Solventum Reports Fourth Quarter 2024 Financial Results and Introduces 2025 Full-Year Guidance
SOLV,2025-02-27,21:05:27,9X9IT8,Solventum Corp.,99,0.0,revenues,,"Solventum Corp.: Net sales of product $ 1,581 $ 1,546 $",PRESS-RELEASE,PR Newswire,Solventum Reports Fourth Quarter 2024 Financial -2-
SOLV,2025-02-27,21:05:27,9X9IT8,Solventum Corp.,99,0.61,earnings,positive,"Solventum Corp.: Gross profit 1,119",PRESS-RELEASE,PR Newswire,Solventum Reports Fourth Quarter 2024 Financial -2-
SOLV,2025-02-27,21:05:27,9X9IT8,Solventum Corp.,99,0.0,earnings,,Solventum Corp.: Earnings per share,PRESS-RELEASE,PR Newswire,Solventum Reports Fourth Quarter 2024 Financial -2-
SOLV,2025-02-27,21:05:27,9X9IT8,Solventum Corp.,99,0.0,assets,,"Solventum Corp.: Total assets $ 14,457 $ 13,943",PRESS-RELEASE,PR Newswire,Solventum Reports Fourth Quarter 2024 Financial -3-
SOLV,2025-02-27,21:05:27,9X9IT8,Solventum Corp.,99,0.0,earnings,,Solventum Corp.: Adjusted Operating Income,PRESS-RELEASE,PR Newswire,Solventum Reports Fourth Quarter 2024 Financial -4-
SOLV,2025-02-27,21:05:27,9X9IT8,Solventum Corp.,99,0.0,earnings,,Solventum Corp.: Adjusted earnings per share,PRESS-RELEASE,PR Newswire,Solventum Reports Fourth Quarter 2024 Financial -4-
SOLV,2025-02-27,21:05:28,9X9IT8,Solventum Corp.,100,0.0,earnings,,Solventum Corp.: Fourth Quarter 2024 Financial Results,PRESS-RELEASE,Dow Jones Newswires,Press Release: Solventum Reports Fourth Quarter 2024 Financial Results and Introduces 2025 Full-Year Guidance
SOLV,2025-02-27,21:05:28,9X9IT8,Solventum Corp.,100,0.41,revenues,up,Solventum Corp.: Reported sales increased 1.9% to $2.074 billion,PRESS-RELEASE,Dow Jones Newswires,Press Release: Solventum Reports Fourth Quarter 2024 Financial Results and Introduces 2025 Full-Year Guidance
SOLV,2025-02-27,21:05:28,9X9IT8,Solventum Corp.,100,0.61,earnings,positive,Solventum Corp.: GAAP diluted Earnings Per Share (EPS) of $0.17,PRESS-RELEASE,Dow Jones Newswires,Press Release: Solventum Reports Fourth Quarter 2024 Financial Results and Introduces 2025 Full-Year Guidance
SOLV,2025-02-27,21:05:28,9X9IT8,Solventum Corp.,100,0.61,earnings,positive,Solventum Corp.: adjusted EPS1 of $1.41,PRESS-RELEASE,Dow Jones Newswires,Press Release: Solventum Reports Fourth Quarter 2024 Financial Results and Introduces 2025 Full-Year Guidance
SOLV,2025-02-27,21:05:28,9X9IT8,Solventum Corp.,100,0.0,earnings,,Solventum Corp.: Operating income,PRESS-RELEASE,Dow Jones Newswires,Press Release: Solventum Reports Fourth Quarter 2024 Financial Results and Introduces 2025 Full-Year Guidance
SOLV,2025-02-27,21:05:28,9X9IT8,Solventum Corp.,100,0.0,revenues,,Solventum Corp.: Operating income margin 6.6 %,PRESS-RELEASE,Dow Jones Newswires,Press Release: Solventum Reports Fourth Quarter 2024 Financial Results and Introduces 2025 Full-Year Guidance
SOLV,2025-02-27,21:05:28,9X9IT8,Solventum Corp.,100,0.0,earnings,,Solventum Corp.: Year Ended 2024 Financial Results,PRESS-RELEASE,Dow Jones Newswires,Press Release: Solventum Reports Fourth Quarter 2024 Financial Results and Introduces 2025 Full-Year Guidance
SOLV,2025-02-27,21:05:28,9X9IT8,Solventum Corp.,100,0.65,revenues,up,Solventum Corp.: Reported and organic sales growth in the quarter,PRESS-RELEASE,Dow Jones Newswires,Press Release: Solventum Reports Fourth Quarter 2024 Financial Results and Introduces 2025 Full-Year Guidance
SOLV,2025-02-27,21:05:28,9X9IT8,Solventum Corp.,100,0.0,earnings,,Solventum Corp.: Full-Year 2025 Guidance,PRESS-RELEASE,Dow Jones Newswires,Press Release: Solventum Reports Fourth Quarter 2024 Financial Results and Introduces 2025 Full-Year Guidance
SOLV,2025-02-27,21:05:28,9X9IT8,Solventum Corp.,100,0.0,earnings,,Solventum Corp.: our annual guidance,PRESS-RELEASE,Dow Jones Newswires,Press Release: Solventum Reports Fourth Quarter 2024 Financial Results and Introduces 2025 Full-Year Guidance
SOLV,2025-02-27,21:05:28,9X9IT8,Solventum Corp.,100,0.0,investor-relations,,"Solventum will host a conference call today, February 27, at 4:30 p.m. Eastern Time",PRESS-RELEASE,Dow Jones Newswires,Press Release: Solventum Reports Fourth Quarter 2024 Financial Results and Introduces 2025 Full-Year Guidance
SOLV,2025-02-27,21:05:28,9X9IT8,Solventum Corp.,99,0.0,revenues,,"Solventum Corp.: Net sales of product $ 1,581 $ 1,546 $",PRESS-RELEASE,Dow Jones Newswires,Press Release: Solventum Reports Fourth Quarter -2-
SOLV,2025-02-27,21:05:28,9X9IT8,Solventum Corp.,99,0.61,earnings,positive,"Solventum Corp.: Gross profit 1,119",PRESS-RELEASE,Dow Jones Newswires,Press Release: Solventum Reports Fourth Quarter -2-
SOLV,2025-02-27,21:05:28,9X9IT8,Solventum Corp.,99,0.0,earnings,,Solventum Corp.: Earnings per share,PRESS-RELEASE,Dow Jones Newswires,Press Release: Solventum Reports Fourth Quarter -2-
SOLV,2025-02-27,21:05:28,9X9IT8,Solventum Corp.,99,0.0,assets,,"Solventum Corp.: Total assets $ 14,457 $ 13,943",PRESS-RELEASE,Dow Jones Newswires,Press Release: Solventum Reports Fourth Quarter -3-
SOLV,2025-02-27,21:05:28,9X9IT8,Solventum Corp.,99,0.0,earnings,,Solventum Corp.: Adjusted Operating Income,PRESS-RELEASE,Dow Jones Newswires,Press Release: Solventum Reports Fourth Quarter -4-
SOLV,2025-02-27,21:05:28,9X9IT8,Solventum Corp.,99,0.0,earnings,,Solventum Corp.: Adjusted earnings per share,PRESS-RELEASE,Dow Jones Newswires,Press Release: Solventum Reports Fourth Quarter -4-
SOLV,2025-02-27,21:13:24,9X9IT8,Solventum Corp.,93,0.0,earnings,,Solventum issued a press release reporting fourth-quarter 2024 financial results,RNS-SEC8K,Dow Jones Newswires,Solventum Files 8K - Operations And Financial Condition >SOLV
SOLV,2025-02-27,21:17:08,9X9IT8,Solventum Corp.,100,0.61,earnings,positive,4Q EPS 17c >SOLV,NEWS-FLASH,Dow Jones Newswires,Solventum 4Q EPS 17c >SOLV
SOLV,2025-02-27,21:17:11,9X9IT8,Solventum Corp.,100,0.0,revenues,,Solventum 4Q Sales $2.07B >SOLV,NEWS-FLASH,Dow Jones Newswires,Solventum 4Q Sales $2.07B >SOLV
SOLV,2025-02-27,21:18:11,9X9IT8,Solventum Corp.,100,0.48,revenues,up,Solventum Sees 2025 Organic Sales Growth 1.0% to 2.0%,NEWS-FLASH,Dow Jones Newswires,Solventum Sees 2025 Organic Sales Growth 1.0% to 2.0%; 1.5% to 2.5% Excluding 50bps of SKU Exit Impact >SOLV
SOLV,2025-02-27,21:18:27,9X9IT8,Solventum Corp.,99,0.39,products-services,,Solventum expects to close the Transaction by the end of the 2025 calendar year,RNS-SEC8K,Dow Jones Newswires,Solventum Files 8K - Entry Into Definitive Agreement >SOLV
SOLV,2025-02-27,21:18:41,9X9IT8,Solventum Corp.,100,0.0,earnings,,Solventum Sees 2025 Adj EPS $5.45,NEWS-FLASH,Dow Jones Newswires,Solventum Sees 2025 Adj EPS $5.45-Adj EPS $5.65 >SOLV
SOLV,2025-02-27,21:19:35,9X9IT8,Solventum Corp.,100,0.0,earnings,,Solventum: 2025 Guidance,NEWS-FLASH,Dow Jones Newswires,Solventum: 2025 Guidance Includes Our Purification & Filtration Segment; Announced the Sale of That Segment Feb. 25>SOLV
SOLV,2025-02-28,13:36:12,9X9IT8,Solventum Corp.,100,0.0,analyst-ratings,neutral,Solventum Is Maintained at Neutral by Piper Sandler,NEWS-FLASH,Dow Jones Newswires,Solventum Is Maintained at Neutral by Piper Sandler
SOLV,2025-02-28,13:36:12,9X9IT8,Solventum Corp.,100,0.78,price-targets,upgrade,Solventum Price Target Raised to $84.00/Share From $75.00 by Piper Sandler,NEWS-FLASH,Dow Jones Newswires,Solventum Price Target Raised to $84.00/Share From $75.00 by Piper Sandler
SOLV,2025-02-28,18:56:33,9X9IT8,Solventum Corp.,100,0.0,analyst-ratings,neutral,Solventum Is Maintained at Equal-Weight by Wells Fargo,NEWS-FLASH,Dow Jones Newswires,Solventum Is Maintained at Equal-Weight by Wells Fargo
SOLV,2025-02-28,18:56:33,9X9IT8,Solventum Corp.,100,0.42,price-targets,upgrade,Solventum Price Target Raised to $75.00/Share From $73.00 by Wells Fargo,NEWS-FLASH,Dow Jones Newswires,Solventum Price Target Raised to $75.00/Share From $73.00 by Wells Fargo
SOLV,2025-03-03,15:11:39,9X9IT8,Solventum Corp.,100,-0.2,analyst-ratings,neutral,Solventum Is Maintained at Sell by Goldman Sachs,NEWS-FLASH,Dow Jones Newswires,Solventum Is Maintained at Sell by Goldman Sachs
SOLV,2025-03-03,15:11:39,9X9IT8,Solventum Corp.,100,0.78,price-targets,upgrade,Solventum Price Target Raised to $71.00/Share From $63.00 by Goldman Sachs,NEWS-FLASH,Dow Jones Newswires,Solventum Price Target Raised to $71.00/Share From $63.00 by Goldman Sachs
SOLV,2025-03-03,18:00:49,9X9IT8,Solventum Corp.,100,0.0,analyst-ratings,neutral,Solventum Is Maintained at Neutral by Mizuho,NEWS-FLASH,Dow Jones Newswires,Solventum Is Maintained at Neutral by Mizuho
SOLV,2025-03-03,18:00:49,9X9IT8,Solventum Corp.,100,0.78,price-targets,upgrade,Solventum Price Target Raised to $82.00/Share From $70.00 by Mizuho,NEWS-FLASH,Dow Jones Newswires,Solventum Price Target Raised to $82.00/Share From $70.00 by Mizuho
SOLV,2025-03-05,14:21:04,9X9IT8,Solventum Corp.,100,0.0,analyst-ratings,neutral,Solventum Is Maintained at Equal-Weight by Morgan Stanley,NEWS-FLASH,Dow Jones Newswires,Solventum Is Maintained at Equal-Weight by Morgan Stanley
SOLV,2025-03-05,14:21:04,9X9IT8,Solventum Corp.,100,0.76,price-targets,upgrade,Solventum Price Target Raised to $80.00/Share From $73.00 by Morgan Stanley,NEWS-FLASH,Dow Jones Newswires,Solventum Price Target Raised to $80.00/Share From $73.00 by Morgan Stanley
SOLV,2025-03-20,13:00:16,9X9IT8,Solventum Corp.,99,0.72,revenues,up,Solventum Corp.: our ability to accelerate sales growth,PRESS-RELEASE,PR Newswire,Solventum to Present Value Creation Formula and Long-Range Plan at 2025 Investor Day
SOLV,2025-03-20,13:00:16,9X9IT8,Solventum Corp.,99,0.0,revenues,,Solventum Corp.: Expand operating margins to be 23% to 25% in 2028,PRESS-RELEASE,PR Newswire,Solventum to Present Value Creation Formula and Long-Range Plan at 2025 Investor Day
SOLV,2025-03-20,13:00:16,9X9IT8,Solventum Corp.,99,0.0,earnings,,Solventum Corp.: Generate EPS,PRESS-RELEASE,PR Newswire,Solventum to Present Value Creation Formula and Long-Range Plan at 2025 Investor Day
SOLV,2025-03-20,13:00:16,9X9IT8,Solventum Corp.,99,0.72,revenues,up,Solventum Corp.: our ability to accelerate sales growth,PRESS-RELEASE,Dow Jones Newswires,Press Release: Solventum to Present Value Creation Formula and Long-Range Plan at 2025 Investor Day
SOLV,2025-03-20,13:00:16,9X9IT8,Solventum Corp.,99,0.0,revenues,,Solventum Corp.: Expand operating margins to be 23% to 25% in 2028,PRESS-RELEASE,Dow Jones Newswires,Press Release: Solventum to Present Value Creation Formula and Long-Range Plan at 2025 Investor Day
SOLV,2025-03-20,13:00:16,9X9IT8,Solventum Corp.,99,0.0,earnings,,Solventum Corp.: Generate EPS,PRESS-RELEASE,Dow Jones Newswires,Press Release: Solventum to Present Value Creation Formula and Long-Range Plan at 2025 Investor Day
SOLV,2025-03-25,22:00:04,9X9IT8,Solventum Corp.,100,0.49,partnerships,,Solventum partners with SprintRay to,PRESS-RELEASE,PR Newswire,"Solventum partners with SprintRay to disrupt the digital dentistry market with high-quality, permanent same-day restorations"
SOLV,2025-03-25,22:00:04,9X9IT8,Solventum Corp.,99,0.49,partnerships,,Solventum partners with SprintRay to,PRESS-RELEASE,Dow Jones Newswires,"Press Release: Solventum partners with SprintRay to disrupt the digital dentistry market with high-quality, permanent same-day restorations"
SOLV,2025-04-17,20:05:03,9X9IT8,Solventum Corp.,100,0.0,earnings,,"Solventum to Report First Quarter Fiscal 2025 Earnings on May 8, 2025",PRESS-RELEASE,PR Newswire,"Solventum to Report First Quarter Fiscal 2025 Earnings on May 8, 2025"
SOLV,2025-04-17,20:05:03,9X9IT8,Solventum Corp.,100,0.0,earnings,,"Solventum to Report First Quarter Fiscal 2025 Earnings on May 8, 2025",PRESS-RELEASE,Dow Jones Newswires,"Press Release: Solventum to Report First Quarter Fiscal 2025 Earnings on May 8, 2025"
SOLV,2025-04-30,16:30:01,9X9IT8,Solventum Corp.,100,0.0,analyst-ratings,neutral,Solventum Is Maintained at Neutral by Piper Sandler,NEWS-FLASH,Dow Jones Newswires,Solventum Is Maintained at Neutral by Piper Sandler
SOLV,2025-04-30,16:30:01,9X9IT8,Solventum Corp.,100,-0.56,price-targets,downgrade,Solventum Price Target Cut to $80.00/Share From $84.00 by Piper Sandler,NEWS-FLASH,Dow Jones Newswires,Solventum Price Target Cut to $80.00/Share From $84.00 by Piper Sandler
SOLV,2025-05-08,20:05:06,9X9IT8,Solventum Corp.,100,0.0,marketing,,Solventum to Participate in the 2025 BofA Securities Health Care Conference,PRESS-RELEASE,PR Newswire,Solventum to Participate in the 2025 BofA Securities Health Care Conference
SOLV,2025-05-08,20:05:12,9X9IT8,Solventum Corp.,100,0.0,earnings,,Solventum Reports First Quarter 2025 Financial Results,PRESS-RELEASE,PR Newswire,Solventum Reports First Quarter 2025 Financial Results
SOLV,2025-05-08,20:05:12,9X9IT8,Solventum Corp.,100,0.41,revenues,up,Solventum Corp.: Sales increased 2.6% to $2.1 billion,PRESS-RELEASE,PR Newswire,Solventum Reports First Quarter 2025 Financial Results
SOLV,2025-05-08,20:05:12,9X9IT8,Solventum Corp.,100,0.72,revenues,up,Solventum Corp.: Increases full year organic sales growth outlook,PRESS-RELEASE,PR Newswire,Solventum Reports First Quarter 2025 Financial Results
SOLV,2025-05-08,20:05:12,9X9IT8,Solventum Corp.,100,0.61,earnings,positive,Solventum Corp.: GAAP diluted earnings per share of $0.78,PRESS-RELEASE,PR Newswire,Solventum Reports First Quarter 2025 Financial Results
SOLV,2025-05-08,20:05:12,9X9IT8,Solventum Corp.,100,0.61,earnings,positive,Solventum Corp.: adjusted diluted earnings per share of $1.34,PRESS-RELEASE,PR Newswire,Solventum Reports First Quarter 2025 Financial Results
SOLV,2025-05-08,20:05:12,9X9IT8,Solventum Corp.,100,0.0,revenues,,"Solventum Corp.: Net sales $ 2,070 $ 2,016",PRESS-RELEASE,PR Newswire,Solventum Reports First Quarter 2025 Financial Results
SOLV,2025-05-08,20:05:12,9X9IT8,Solventum Corp.,100,0.0,earnings,,Solventum Corp.: Full-Year 2025 Guidance,PRESS-RELEASE,PR Newswire,Solventum Reports First Quarter 2025 Financial Results
SOLV,2025-05-08,20:05:12,9X9IT8,Solventum Corp.,100,0.61,earnings,positive,Solventum Corp.: Adjusted EPS in the range of $5.45 to $5.65,PRESS-RELEASE,PR Newswire,Solventum Reports First Quarter 2025 Financial Results
SOLV,2025-05-08,20:05:12,9X9IT8,Solventum Corp.,100,0.0,earnings,,Solventum Corp.: our annual guidance,PRESS-RELEASE,PR Newswire,Solventum Reports First Quarter 2025 Financial Results
SOLV,2025-05-08,20:05:12,9X9IT8,Solventum Corp.,100,0.0,earnings,,Solventum's Q1 2024 results,PRESS-RELEASE,PR Newswire,Solventum Reports First Quarter 2025 Financial Results
SOLV,2025-05-08,20:05:12,9X9IT8,Solventum Corp.,100,0.0,investor-relations,,"Solventum will host a conference call today, May 8, at 4:30 p.m. Eastern Time",PRESS-RELEASE,PR Newswire,Solventum Reports First Quarter 2025 Financial Results
SOLV,2025-05-08,20:05:12,9X9IT8,Solventum Corp.,99,0.0,revenues,,"Solventum Corp.: Net sales of product $ 1,597 $ 1,553",PRESS-RELEASE,PR Newswire,Solventum Reports First Quarter 2025 Financial -2-
SOLV,2025-05-08,20:05:12,9X9IT8,Solventum Corp.,99,0.61,earnings,positive,"Solventum Corp.: Gross profit 1,114",PRESS-RELEASE,PR Newswire,Solventum Reports First Quarter 2025 Financial -2-
SOLV,2025-05-08,20:05:12,9X9IT8,Solventum Corp.,99,0.0,earnings,,Solventum Corp.: Earnings per share,PRESS-RELEASE,PR Newswire,Solventum Reports First Quarter 2025 Financial -2-
SOLV,2025-05-08,20:05:12,9X9IT8,Solventum Corp.,99,0.0,assets,,"Solventum Corp.: Total assets $ 14,527 $ 14,457",PRESS-RELEASE,PR Newswire,Solventum Reports First Quarter 2025 Financial -2-
SOLV,2025-05-08,20:05:12,9X9IT8,Solventum Corp.,99,0.0,earnings,,Solventum Corp.: Adjusted Operating Income,PRESS-RELEASE,PR Newswire,Solventum Reports First Quarter 2025 Financial -4-
SOLV,2025-05-08,20:05:12,9X9IT8,Solventum Corp.,99,0.0,earnings,,Solventum Corp.: Adjusted diluted earnings per share,PRESS-RELEASE,PR Newswire,Solventum Reports First Quarter 2025 Financial -4-
SOLV,2025-05-08,20:05:12,9X9IT8,Solventum Corp.,99,0.0,earnings,,"Solventum Corp.: However, adjusted earnings per share",PRESS-RELEASE,PR Newswire,Solventum Reports First Quarter 2025 Financial -4-
SOLV,2025-05-08,20:05:12,9X9IT8,Solventum Corp.,100,0.0,earnings,,Solventum Reports First Quarter 2025 Financial Results,PRESS-RELEASE,Dow Jones Newswires,Press Release: Solventum Reports First Quarter 2025 Financial Results
SOLV,2025-05-08,20:05:12,9X9IT8,Solventum Corp.,100,0.41,revenues,up,Solventum Corp.: Sales increased 2.6% to $2.1 billion,PRESS-RELEASE,Dow Jones Newswires,Press Release: Solventum Reports First Quarter 2025 Financial Results
SOLV,2025-05-08,20:05:12,9X9IT8,Solventum Corp.,100,0.72,revenues,up,Solventum Corp.: Increases full year organic sales growth outlook,PRESS-RELEASE,Dow Jones Newswires,Press Release: Solventum Reports First Quarter 2025 Financial Results
SOLV,2025-05-08,20:05:12,9X9IT8,Solventum Corp.,100,0.61,earnings,positive,Solventum Corp.: GAAP diluted earnings per share of $0.78,PRESS-RELEASE,Dow Jones Newswires,Press Release: Solventum Reports First Quarter 2025 Financial Results
SOLV,2025-05-08,20:05:12,9X9IT8,Solventum Corp.,100,0.61,earnings,positive,Solventum Corp.: adjusted diluted earnings per share of $1.34,PRESS-RELEASE,Dow Jones Newswires,Press Release: Solventum Reports First Quarter 2025 Financial Results
SOLV,2025-05-08,20:05:12,9X9IT8,Solventum Corp.,100,0.0,revenues,,"Solventum Corp.: Net sales $ 2,070 $ 2,016",PRESS-RELEASE,Dow Jones Newswires,Press Release: Solventum Reports First Quarter 2025 Financial Results
SOLV,2025-05-08,20:05:12,9X9IT8,Solventum Corp.,100,0.0,earnings,,Solventum Corp.: Full-Year 2025 Guidance,PRESS-RELEASE,Dow Jones Newswires,Press Release: Solventum Reports First Quarter 2025 Financial Results
SOLV,2025-05-08,20:05:12,9X9IT8,Solventum Corp.,100,0.61,earnings,positive,Solventum Corp.: Adjusted EPS in the range of $5.45 to $5.65,PRESS-RELEASE,Dow Jones Newswires,Press Release: Solventum Reports First Quarter 2025 Financial Results
SOLV,2025-05-08,20:05:12,9X9IT8,Solventum Corp.,100,0.0,earnings,,Solventum Corp.: our annual guidance,PRESS-RELEASE,Dow Jones Newswires,Press Release: Solventum Reports First Quarter 2025 Financial Results
SOLV,2025-05-08,20:05:12,9X9IT8,Solventum Corp.,100,0.0,earnings,,Solventum's Q1 2024 results,PRESS-RELEASE,Dow Jones Newswires,Press Release: Solventum Reports First Quarter 2025 Financial Results
SOLV,2025-05-08,20:05:12,9X9IT8,Solventum Corp.,100,0.0,investor-relations,,"Solventum will host a conference call today, May 8, at 4:30 p.m. Eastern Time",PRESS-RELEASE,Dow Jones Newswires,Press Release: Solventum Reports First Quarter 2025 Financial Results
SOLV,2025-05-08,20:05:12,9X9IT8,Solventum Corp.,99,0.0,revenues,,"Solventum Corp.: Net sales of product $ 1,597 $ 1,553",PRESS-RELEASE,Dow Jones Newswires,Press Release: Solventum Reports First Quarter -2-
SOLV,2025-05-08,20:05:12,9X9IT8,Solventum Corp.,99,0.61,earnings,positive,"Solventum Corp.: Gross profit 1,114",PRESS-RELEASE,Dow Jones Newswires,Press Release: Solventum Reports First Quarter -2-
SOLV,2025-05-08,20:05:12,9X9IT8,Solventum Corp.,99,0.0,earnings,,Solventum Corp.: Earnings per share,PRESS-RELEASE,Dow Jones Newswires,Press Release: Solventum Reports First Quarter -2-
SOLV,2025-05-08,20:05:12,9X9IT8,Solventum Corp.,99,0.0,assets,,"Solventum Corp.: Total assets $ 14,527 $ 14,457",PRESS-RELEASE,Dow Jones Newswires,Press Release: Solventum Reports First Quarter -2-
SOLV,2025-05-08,20:05:12,9X9IT8,Solventum Corp.,99,0.0,earnings,,Solventum Corp.: Adjusted Operating Income,PRESS-RELEASE,Dow Jones Newswires,Press Release: Solventum Reports First Quarter -4-
SOLV,2025-05-08,20:05:12,9X9IT8,Solventum Corp.,99,0.0,earnings,,Solventum Corp.: Adjusted diluted earnings per share,PRESS-RELEASE,Dow Jones Newswires,Press Release: Solventum Reports First Quarter -4-
SOLV,2025-05-08,20:05:12,9X9IT8,Solventum Corp.,99,0.0,earnings,,"Solventum Corp.: However, adjusted earnings per share",PRESS-RELEASE,Dow Jones Newswires,Press Release: Solventum Reports First Quarter -4-
SOLV,2025-05-08,20:14:17,9X9IT8,Solventum Corp.,93,0.0,earnings,,Solventum issued a press release reporting first-quarter 2025 financial results,RNS-SEC8K,Dow Jones Newswires,Solventum Files 8K - Operations And Financial Condition >SOLV
SOLV,2025-05-08,22:55:20,9X9IT8,Solventum Corp.,100,0.0,marketing,,Solventum to Participate in the 2025 BofA Securities Health Care Conference,PRESS-RELEASE,Dow Jones Newswires,Press Release: Solventum to Participate in the 2025 BofA Securities Health Care Conference
SOLV,2025-05-09,14:50:52,9X9IT8,Solventum Corp.,100,0.0,analyst-ratings,neutral,Solventum Is Maintained at Neutral by Piper Sandler,NEWS-FLASH,Dow Jones Newswires,Solventum Is Maintained at Neutral by Piper Sandler
SOLV,2025-05-09,14:50:52,9X9IT8,Solventum Corp.,100,-0.42,price-targets,downgrade,Solventum Price Target Cut to $78.00/Share From $80.00 by Piper Sandler,NEWS-FLASH,Dow Jones Newswires,Solventum Price Target Cut to $78.00/Share From $80.00 by Piper Sandler
SOLV,2025-05-15,20:20:56,9X9IT8,Solventum Corp.,100,0.52,insider-trading,,"Officer Kirberger Acquires 3,186 Of Solventum Corp >SOLV",FULL-ARTICLE,Dow Jones Newswires,"Officer Kirberger Acquires 3,186 Of Solventum Corp >SOLV"
SOLV,2025-05-15,20:21:02,9X9IT8,Solventum Corp.,100,0.52,insider-trading,,"Officer Landucci Acquires 2,405 Of Solventum Corp >SOLV",FULL-ARTICLE,Dow Jones Newswires,"Officer Landucci Acquires 2,405 Of Solventum Corp >SOLV"
SOLV,2025-05-15,20:21:12,9X9IT8,Solventum Corp.,100,0.52,insider-trading,,"Cfo McMillan Acquires 5,584 Of Solventum Corp >SOLV",FULL-ARTICLE,Dow Jones Newswires,"CFO McMillan Acquires 5,584 Of Solventum Corp >SOLV"
SOLV,2025-05-15,20:21:58,9X9IT8,Solventum Corp.,100,0.52,insider-trading,,"Vp Barry Acquires 4,624 Of Solventum Corp >SOLV",FULL-ARTICLE,Dow Jones Newswires,"VP Barry Acquires 4,624 Of Solventum Corp >SOLV"
SOLV,2025-05-15,20:22:10,9X9IT8,Solventum Corp.,100,0.52,insider-trading,,"Officer Gomez Acquires 2,661 Of Solventum Corp >SOLV",FULL-ARTICLE,Dow Jones Newswires,"Officer Gomez Acquires 2,661 Of Solventum Corp >SOLV"
SOLV,2025-05-15,20:23:12,9X9IT8,Solventum Corp.,100,0.52,insider-trading,,"Officer Harrington Acquires 2,747 Of Solventum Corp >SOLV",FULL-ARTICLE,Dow Jones Newswires,"Officer Harrington Acquires 2,747 Of Solventum Corp >SOLV"
SOLV,2025-05-15,20:23:36,9X9IT8,Solventum Corp.,100,0.52,insider-trading,,"Officer Wilcox Acquires 1,648 Of Solventum Corp >SOLV",FULL-ARTICLE,Dow Jones Newswires,"Officer Wilcox Acquires 1,648 Of Solventum Corp >SOLV"
SOLV,2025-05-15,20:24:11,9X9IT8,Solventum Corp.,100,0.52,insider-trading,,"Ceo Hanson Acquires 20,812 Of Solventum Corp >SOLV",FULL-ARTICLE,Dow Jones Newswires,"CEO Hanson Acquires 20,812 Of Solventum Corp >SOLV"
SOLV,2025-05-19,18:01:30,9X9IT8,Solventum Corp.,100,0.94,analyst-ratings,positive,Solventum Raised to Overweight From Neutral by Piper Sandler,NEWS-FLASH,Dow Jones Newswires,Solventum Raised to Overweight From Neutral by Piper Sandler
SOLV,2025-05-19,18:01:30,9X9IT8,Solventum Corp.,100,0.78,price-targets,upgrade,Solventum Price Target Raised to $87.00/Share From $78.00 by Piper Sandler,NEWS-FLASH,Dow Jones Newswires,Solventum Price Target Raised to $87.00/Share From $78.00 by Piper Sandler
SOLV,2025-05-20,13:00:00,9X9IT8,Solventum Corp.,100,0.49,partnerships,,Ensemble and Solventum Partner to,PRESS-RELEASE,GlobeNewswire,Ensemble and Solventum Partner to Advance Autonomous Inpatient Coding with AI
SOLV,2025-05-23,07:14:50,9X9IT8,Solventum Corp.,100,0.0,investor-relations,,"Solventum CORP COM, Inst Holders, 1Q 2025 (SOLV)",RNS-SEC13F,Dow Jones Newswires,"SOLVENTUM CORP  COM, Inst Holders, 1Q 2025 (SOLV)"
SOLV,2025-06-03,20:05:02,9X9IT8,Solventum Corp.,100,0.0,marketing,,Solventum to Participate in the 2025 Goldman Sachs Health Care Conference,PRESS-RELEASE,PR Newswire,Solventum to Participate in the 2025 Goldman Sachs Health Care Conference
SOLV,2025-06-03,20:05:02,9X9IT8,Solventum Corp.,100,0.0,marketing,,Solventum to Participate in the 2025 Goldman Sachs Health Care Conference,PRESS-RELEASE,Dow Jones Newswires,Press Release: Solventum to Participate in the 2025 Goldman Sachs Health Care Conference
SOLV,2025-06-25,21:04:47,9X9IT8,Solventum Corp.,96,0.0,earnings,,Solventum's annual earnings per share,FULL-ARTICLE,Dow Jones Newswires,Solventum Removes Drinking-Water Unit From Thermo Fisher's Planned Filtration Buy
SOLV,2025-06-25,21:19:48,9X9IT8,Solventum Corp.,96,0.0,earnings,,Solventum's annual earnings per share,FULL-ARTICLE,Dow Jones Newswires,Solventum Removes Drinking-Water Unit From Thermo Fisher's Planned Filtration Buy
SOLV,2025-07-01,14:32:31,9X9IT8,Solventum Corp.,100,0.94,analyst-ratings,positive,Solventum Raised to Buy From Hold by Argus Research,NEWS-FLASH,Dow Jones Newswires,Solventum Raised to Buy From Hold by Argus Research
SOLV,2025-07-15,13:10:44,9X9IT8,Solventum Corp.,100,0.94,analyst-ratings,positive,Solventum Raised to Overweight From Equal-Weight by Morgan Stanley,NEWS-FLASH,Dow Jones Newswires,Solventum Raised to Overweight From Equal-Weight by Morgan Stanley
SOLV,2025-07-15,13:10:44,9X9IT8,Solventum Corp.,100,0.8,price-targets,upgrade,Solventum Price Target Raised to $103.00/Share From $80.00 by Morgan Stanley,NEWS-FLASH,Dow Jones Newswires,Solventum Price Target Raised to $103.00/Share From $80.00 by Morgan Stanley
SOLV,2025-07-17,20:05:03,9X9IT8,Solventum Corp.,100,0.0,earnings,,"Solventum to Report Second Quarter Fiscal 2025 Earnings on August 7, 2025",PRESS-RELEASE,PR Newswire,"Solventum to Report Second Quarter Fiscal 2025 Earnings on August 7, 2025"
SOLV,2025-07-17,20:05:06,9X9IT8,Solventum Corp.,100,0.0,earnings,,"Solventum to Report Second Quarter Fiscal 2025 Earnings on August 7, 2025",PRESS-RELEASE,Dow Jones Newswires,"Press Release: Solventum to Report Second Quarter Fiscal 2025 Earnings on August 7, 2025"
SOLV,2025-08-07,20:05:06,9X9IT8,Solventum Corp.,100,0.0,earnings,,Solventum Reports Second Quarter 2025 Financial Results,PRESS-RELEASE,PR Newswire,Solventum Reports Second Quarter 2025 Financial Results
SOLV,2025-08-07,20:05:06,9X9IT8,Solventum Corp.,100,0.41,revenues,up,Solventum Corp.: Sales increased 3.9% to $2.2 billion,PRESS-RELEASE,PR Newswire,Solventum Reports Second Quarter 2025 Financial Results
SOLV,2025-08-07,20:05:06,9X9IT8,Solventum Corp.,100,0.72,revenues,up,Solventum Corp.: Increases full year organic sales growth outlook,PRESS-RELEASE,PR Newswire,Solventum Reports Second Quarter 2025 Financial Results
SOLV,2025-08-07,20:05:06,9X9IT8,Solventum Corp.,100,0.64,earnings,up,Solventum Corp.: Increases full year earnings,PRESS-RELEASE,PR Newswire,Solventum Reports Second Quarter 2025 Financial Results
SOLV,2025-08-07,20:05:06,9X9IT8,Solventum Corp.,100,0.61,earnings,positive,Solventum Corp.: GAAP diluted earnings per share of $0.51,PRESS-RELEASE,PR Newswire,Solventum Reports Second Quarter 2025 Financial Results
SOLV,2025-08-07,20:05:06,9X9IT8,Solventum Corp.,100,0.61,earnings,positive,Solventum Corp.: adjusted diluted earnings per share of $1.69,PRESS-RELEASE,PR Newswire,Solventum Reports Second Quarter 2025 Financial Results
SOLV,2025-08-07,20:05:06,9X9IT8,Solventum Corp.,100,0.0,earnings,,Solventum Corp.: our full year 2025 guidance,PRESS-RELEASE,PR Newswire,Solventum Reports Second Quarter 2025 Financial Results
SOLV,2025-08-07,20:05:06,9X9IT8,Solventum Corp.,100,0.0,earnings,,Solventum Corp.: Second Quarter and First Six Months 2025 Financial Results,PRESS-RELEASE,PR Newswire,Solventum Reports Second Quarter 2025 Financial Results
SOLV,2025-08-07,20:05:06,9X9IT8,Solventum Corp.,100,0.0,revenues,,"Solventum Corp.: Net sales $ 2,161 $ 2,081",PRESS-RELEASE,PR Newswire,Solventum Reports Second Quarter 2025 Financial Results
SOLV,2025-08-07,20:05:06,9X9IT8,Solventum Corp.,100,0.61,earnings,positive,Solventum Corp.: Increased adjusted EPS range to $5.80 to $5.95,PRESS-RELEASE,PR Newswire,Solventum Reports Second Quarter 2025 Financial Results
SOLV,2025-08-07,20:05:06,9X9IT8,Solventum Corp.,100,0.0,earnings,,Solventum's full-year guidance,PRESS-RELEASE,PR Newswire,Solventum Reports Second Quarter 2025 Financial Results
SOLV,2025-08-07,20:05:06,9X9IT8,Solventum Corp.,100,0.0,earnings,,Solventum's Q1 2024 results,PRESS-RELEASE,PR Newswire,Solventum Reports Second Quarter 2025 Financial Results
SOLV,2025-08-07,20:05:06,9X9IT8,Solventum Corp.,100,0.0,investor-relations,,"Solventum will host a conference call today, Aug. 7, at 4:30 p.m. Eastern Time",PRESS-RELEASE,PR Newswire,Solventum Reports Second Quarter 2025 Financial Results
SOLV,2025-08-07,20:05:06,9X9IT8,Solventum Corp.,99,0.0,earnings,,Solventum Corp.: The Q2 2025 financial statements,PRESS-RELEASE,PR Newswire,Solventum Reports Second Quarter 2025 Financial -2-
SOLV,2025-08-07,20:05:06,9X9IT8,Solventum Corp.,99,0.0,revenues,,"Solventum Corp.: Net sales of product $ 1,668 $ 1,605 $",PRESS-RELEASE,PR Newswire,Solventum Reports Second Quarter 2025 Financial -2-
SOLV,2025-08-07,20:05:06,9X9IT8,Solventum Corp.,99,0.61,earnings,positive,"Solventum Corp.: Gross profit 1,175",PRESS-RELEASE,PR Newswire,Solventum Reports Second Quarter 2025 Financial -2-
SOLV,2025-08-07,20:05:06,9X9IT8,Solventum Corp.,99,0.0,earnings,,Solventum Corp.: Earnings per share,PRESS-RELEASE,PR Newswire,Solventum Reports Second Quarter 2025 Financial -2-
SOLV,2025-08-07,20:05:06,9X9IT8,Solventum Corp.,93,0.0,assets,,"Solventum Corp.: Total assets $ 15,074 $ 14,457",PRESS-RELEASE,PR Newswire,Solventum Reports Second Quarter 2025 Financial -3-
SOLV,2025-08-07,20:05:06,9X9IT8,Solventum Corp.,99,0.0,earnings,,Solventum Corp.: Adjusted Operating Income,PRESS-RELEASE,PR Newswire,Solventum Reports Second Quarter 2025 Financial -5-
SOLV,2025-08-07,20:05:06,9X9IT8,Solventum Corp.,99,0.0,earnings,,Solventum Corp.: Adjusted diluted earnings per share,PRESS-RELEASE,PR Newswire,Solventum Reports Second Quarter 2025 Financial -5-
SOLV,2025-08-07,20:05:06,9X9IT8,Solventum Corp.,99,0.0,earnings,,"Solventum Corp.: However, adjusted earnings per share",PRESS-RELEASE,PR Newswire,Solventum Reports Second Quarter 2025 Financial -5-
SOLV,2025-08-07,20:05:06,9X9IT8,Solventum Corp.,99,0.0,earnings,,Solventum Corp.: Operating Income,PRESS-RELEASE,PR Newswire,Solventum Reports Second Quarter 2025 Financial -6-
SOLV,2025-08-07,20:05:09,9X9IT8,Solventum Corp.,100,0.0,earnings,,Solventum Reports Second Quarter 2025 Financial Results,PRESS-RELEASE,Dow Jones Newswires,Press Release: Solventum Reports Second Quarter 2025 Financial Results
SOLV,2025-08-07,20:05:09,9X9IT8,Solventum Corp.,100,0.41,revenues,up,Solventum Corp.: Sales increased 3.9% to $2.2 billion,PRESS-RELEASE,Dow Jones Newswires,Press Release: Solventum Reports Second Quarter 2025 Financial Results
SOLV,2025-08-07,20:05:09,9X9IT8,Solventum Corp.,100,0.72,revenues,up,Solventum Corp.: Increases full year organic sales growth outlook,PRESS-RELEASE,Dow Jones Newswires,Press Release: Solventum Reports Second Quarter 2025 Financial Results
SOLV,2025-08-07,20:05:09,9X9IT8,Solventum Corp.,100,0.64,earnings,up,Solventum Corp.: Increases full year earnings,PRESS-RELEASE,Dow Jones Newswires,Press Release: Solventum Reports Second Quarter 2025 Financial Results
SOLV,2025-08-07,20:05:09,9X9IT8,Solventum Corp.,100,0.61,earnings,positive,Solventum Corp.: GAAP diluted earnings per share of $0.51,PRESS-RELEASE,Dow Jones Newswires,Press Release: Solventum Reports Second Quarter 2025 Financial Results
SOLV,2025-08-07,20:05:09,9X9IT8,Solventum Corp.,100,0.61,earnings,positive,Solventum Corp.: adjusted diluted earnings per share of $1.69,PRESS-RELEASE,Dow Jones Newswires,Press Release: Solventum Reports Second Quarter 2025 Financial Results
SOLV,2025-08-07,20:05:09,9X9IT8,Solventum Corp.,100,0.0,earnings,,Solventum Corp.: our full year 2025 guidance,PRESS-RELEASE,Dow Jones Newswires,Press Release: Solventum Reports Second Quarter 2025 Financial Results
SOLV,2025-08-07,20:05:09,9X9IT8,Solventum Corp.,100,0.0,earnings,,Solventum Corp.: Second Quarter and First Six Months 2025 Financial Results,PRESS-RELEASE,Dow Jones Newswires,Press Release: Solventum Reports Second Quarter 2025 Financial Results
SOLV,2025-08-07,20:05:09,9X9IT8,Solventum Corp.,100,0.0,revenues,,"Solventum Corp.: Net sales $ 2,161 $ 2,081",PRESS-RELEASE,Dow Jones Newswires,Press Release: Solventum Reports Second Quarter 2025 Financial Results
SOLV,2025-08-07,20:05:09,9X9IT8,Solventum Corp.,100,0.61,earnings,positive,Solventum Corp.: Increased adjusted EPS range to $5.80 to $5.95,PRESS-RELEASE,Dow Jones Newswires,Press Release: Solventum Reports Second Quarter 2025 Financial Results
SOLV,2025-08-07,20:05:09,9X9IT8,Solventum Corp.,100,0.0,earnings,,Solventum's full-year guidance,PRESS-RELEASE,Dow Jones Newswires,Press Release: Solventum Reports Second Quarter 2025 Financial Results
SOLV,2025-08-07,20:05:09,9X9IT8,Solventum Corp.,100,0.0,earnings,,Solventum's Q1 2024 results,PRESS-RELEASE,Dow Jones Newswires,Press Release: Solventum Reports Second Quarter 2025 Financial Results
SOLV,2025-08-07,20:05:09,9X9IT8,Solventum Corp.,100,0.0,investor-relations,,"Solventum will host a conference call today, Aug. 7, at 4:30 p.m. Eastern Time",PRESS-RELEASE,Dow Jones Newswires,Press Release: Solventum Reports Second Quarter 2025 Financial Results
SOLV,2025-08-07,20:05:09,9X9IT8,Solventum Corp.,99,0.0,earnings,,Solventum Corp.: The Q2 2025 financial statements,PRESS-RELEASE,Dow Jones Newswires,Press Release: Solventum Reports Second Quarter -2-
SOLV,2025-08-07,20:05:09,9X9IT8,Solventum Corp.,99,0.0,revenues,,"Solventum Corp.: Net sales of product $ 1,668 $ 1,605 $",PRESS-RELEASE,Dow Jones Newswires,Press Release: Solventum Reports Second Quarter -2-
SOLV,2025-08-07,20:05:09,9X9IT8,Solventum Corp.,99,0.61,earnings,positive,"Solventum Corp.: Gross profit 1,175",PRESS-RELEASE,Dow Jones Newswires,Press Release: Solventum Reports Second Quarter -2-
SOLV,2025-08-07,20:05:09,9X9IT8,Solventum Corp.,99,0.0,earnings,,Solventum Corp.: Earnings per share,PRESS-RELEASE,Dow Jones Newswires,Press Release: Solventum Reports Second Quarter -2-
SOLV,2025-08-07,20:05:09,9X9IT8,Solventum Corp.,93,0.0,assets,,"Solventum Corp.: Total assets $ 15,074 $ 14,457",PRESS-RELEASE,Dow Jones Newswires,Press Release: Solventum Reports Second Quarter -3-
SOLV,2025-08-07,20:05:09,9X9IT8,Solventum Corp.,99,0.0,earnings,,Solventum Corp.: Adjusted Operating Income,PRESS-RELEASE,Dow Jones Newswires,Press Release: Solventum Reports Second Quarter -5-
SOLV,2025-08-07,20:05:09,9X9IT8,Solventum Corp.,99,0.0,earnings,,Solventum Corp.: Adjusted diluted earnings per share,PRESS-RELEASE,Dow Jones Newswires,Press Release: Solventum Reports Second Quarter -5-
SOLV,2025-08-07,20:05:09,9X9IT8,Solventum Corp.,99,0.0,earnings,,"Solventum Corp.: However, adjusted earnings per share",PRESS-RELEASE,Dow Jones Newswires,Press Release: Solventum Reports Second Quarter -5-
SOLV,2025-08-07,20:05:09,9X9IT8,Solventum Corp.,99,0.0,earnings,,Solventum Corp.: Operating Income,PRESS-RELEASE,Dow Jones Newswires,Press Release: Solventum Reports Second Quarter -6-
SOLV,2025-08-07,20:13:59,9X9IT8,Solventum Corp.,93,0.0,earnings,,Solventum issued a press release reporting second-quarter 2025 financial results,RNS-SEC8K,Dow Jones Newswires,Solventum Files 8K - Operations And Financial Condition >SOLV
SOLV,2025-08-07,20:42:16,9X9IT8,Solventum Corp.,100,0.61,earnings,positive,2Q EPS 51c >SOLV,NEWS-FLASH,Dow Jones Newswires,Solventum 2Q EPS 51c >SOLV
SOLV,2025-08-07,20:42:24,9X9IT8,Solventum Corp.,100,0.0,revenues,,Solventum 2Q Sales $2.16B >SOLV,NEWS-FLASH,Dow Jones Newswires,Solventum 2Q Sales $2.16B >SOLV
SOLV,2025-08-07,20:42:42,9X9IT8,Solventum Corp.,100,0.61,earnings,positive,Solventum 2Q Adj EPS $1.69,NEWS-FLASH,Dow Jones Newswires,Solventum 2Q Adj EPS $1.69 >SOLV
SOLV,2025-08-07,20:43:11,9X9IT8,Solventum Corp.,100,0.7,earnings,up,Solventum Raises 2025 View To Adj EPS $5.80,NEWS-FLASH,Dow Jones Newswires,Solventum Raises 2025 View To Adj EPS $5.80-Adj EPS $5.95 >SOLV
SOLV,2025-08-07,20:43:32,9X9IT8,Solventum Corp.,100,0.0,earnings,,Solventum Had Seen 2025 Adjusted EPS $5.45-$5.65,NEWS-FLASH,Dow Jones Newswires,Solventum Had Seen 2025 Adjusted EPS $5.45-$5.65 >SOLV
SOLV,2025-08-07,20:44:24,9X9IT8,Solventum Corp.,100,0.72,revenues,up,Solventum Raises 2025 Organic Sales Growth View,NEWS-FLASH,Dow Jones Newswires,Solventum Raises 2025 Organic Sales Growth View to 2%-3% From 1.5%-2.5% >SOLV
SOLV,2025-08-08,11:39:48,9X9IT8,Solventum Corp.,100,0.34,analyst-ratings,neutral,Solventum Is Maintained at Overweight by Piper Sandler,NEWS-FLASH,Dow Jones Newswires,Solventum Is Maintained at Overweight by Piper Sandler
SOLV,2025-08-08,11:39:48,9X9IT8,Solventum Corp.,100,0.7,price-targets,upgrade,Solventum Price Target Raised to $94.00/Share From $87.00 by Piper Sandler,NEWS-FLASH,Dow Jones Newswires,Solventum Price Target Raised to $94.00/Share From $87.00 by Piper Sandler
SOLV,2025-08-08,15:26:29,9X9IT8,Solventum Corp.,100,0.0,analyst-ratings,neutral,Solventum Is Maintained at Equal-Weight by Wells Fargo,NEWS-FLASH,Dow Jones Newswires,Solventum Is Maintained at Equal-Weight by Wells Fargo
SOLV,2025-08-08,15:26:29,9X9IT8,Solventum Corp.,100,0.6,price-targets,upgrade,Solventum Price Target Raised to $79.00/Share From $75.00 by Wells Fargo,NEWS-FLASH,Dow Jones Newswires,Solventum Price Target Raised to $79.00/Share From $75.00 by Wells Fargo
SOLV,2025-08-13,20:48:56,9X9IT8,Solventum Corp.,100,0.59,equity-actions,,Solventum Announces Launch of Secondary Offering of Common Stock,PRESS-RELEASE,PR Newswire,Solventum Announces Launch of Secondary Offering of Common Stock
SOLV,2025-08-13,20:48:56,9X9IT8,Solventum Corp.,100,0.59,equity-actions,,Solventum Announces Launch of Secondary Offering of Common Stock,PRESS-RELEASE,Dow Jones Newswires,Press Release: Solventum Announces Launch of Secondary Offering of Common Stock
SOLV,2025-08-14,02:39:33,9X9IT8,Solventum Corp.,100,0.0,equity-actions,pricing,Solventum Announces Pricing of Secondary Offering of Common Stock,PRESS-RELEASE,PR Newswire,Solventum Announces Pricing of Secondary Offering of Common Stock
SOLV,2025-08-14,02:39:39,9X9IT8,Solventum Corp.,100,0.0,equity-actions,pricing,Solventum Announces Pricing of Secondary Offering of Common Stock,PRESS-RELEASE,Dow Jones Newswires,Press Release: Solventum Announces Pricing of Secondary Offering of Common Stock
SOLV,2025-08-14,02:48:10,9X9IT8,Solventum Corp.,100,0.0,equity-actions,pricing,Solventum Prices Secondary Offering of 8.8 Mln Shares,NEWS-FLASH,Dow Jones Newswires,Solventum Prices Secondary Offering of 8.8 Mln Shares >SOLV
SOLV,2025-08-18,21:04:29,9X9IT8,Solventum Corp.,100,-0.34,equity-actions,decrease,"Holder 3M Company Sells 8,800,000 Of Solventum Corp >SOLV",FULL-ARTICLE,Dow Jones Newswires,"Holder 3M Company Sells 8,800,000 Of Solventum Corp >SOLV"
SOLV,2025-08-22,12:19:55,9X9IT8,Solventum Corp.,100,0.0,credit,,Solventum Announces $1.75 Billion Note Tender,PRESS-RELEASE,PR Newswire,Solventum Announces $1.75 Billion Note Tender Offers
SOLV,2025-08-22,12:19:55,9X9IT8,Solventum Corp.,100,0.0,credit,,Solventum Announces $1.75 Billion Note Tender,PRESS-RELEASE,PR Newswire,Solventum Announces $1.75 Billion Note Tender -2-
SOLV,2025-08-22,12:19:58,9X9IT8,Solventum Corp.,100,0.0,credit,,Solventum Announces $1.75 Billion Note Tender,PRESS-RELEASE,Dow Jones Newswires,Press Release: Solventum Announces $1.75 Billion Note Tender Offers
SOLV,2025-08-22,12:20:12,9X9IT8,Solventum Corp.,100,0.0,credit,,Solventum Announces $1.75B Note Tender,NEWS-FLASH,Dow Jones Newswires,Solventum Announces $1.75B Note Tender Offers
SOLV,2025-08-23,07:14:33,9X9IT8,Solventum Corp.,100,0.0,investor-relations,,"Solventum CORP COM, Inst Holders, 2Q 2025 (SOLV)",RNS-SEC13F,Dow Jones Newswires,"SOLVENTUM CORP  COM, Inst Holders, 2Q 2025 (SOLV)"
SOLV,2025-08-28,20:05:04,9X9IT8,Solventum Corp.,100,0.0,marketing,,Solventum to Participate in Upcoming Investor Conferences,PRESS-RELEASE,PR Newswire,Solventum to Participate in Upcoming Investor Conferences
SOLV,2025-09-02,12:00:02,9X9IT8,Solventum Corp.,100,0.5,acquisitions-mergers,completed,Thermo Fisher Scientific Completes Acquisition Of Solventum's Purification And Filtration Business,NEWS-FLASH,Dow Jones Newswires,Thermo Fisher Scientific Completes Acquisition Of Solventum's Purification And Filtration Business >TMO
SOLV,2025-09-02,12:00:02,9X9IT8,Solventum Corp.,100,0.5,acquisitions-mergers,completed,Thermo Fisher Scientific Completes Acquisition of Solventum's Purification and Filtration Business,PRESS-RELEASE,Business Wire,Thermo Fisher Scientific Completes Acquisition of Solventum's Purification and Filtration Business
SOLV,2025-09-02,12:00:02,9X9IT8,Solventum Corp.,100,0.5,acquisitions-mergers,completed,Thermo Fisher Scientific Completes Acquisition of Solventum's Purification and Filtration Business,PRESS-RELEASE,Dow Jones Newswires,Press Release: Thermo Fisher Scientific Completes Acquisition of Solventum's Purification and Filtration Business
SOLV,2025-09-02,12:00:12,9X9IT8,Solventum Corp.,100,0.5,acquisitions-mergers,completed,Solventum Completes Sale of its Purification & Filtration Business to Thermo Fisher Scientific Inc.,PRESS-RELEASE,PR Newswire,Solventum Completes Sale of its Purification & Filtration Business to Thermo Fisher Scientific Inc.
SOLV,2025-09-02,12:00:12,9X9IT8,Solventum Corp.,100,0.0,earnings,,Solventum is updating its full year 2025 guidance,PRESS-RELEASE,PR Newswire,Solventum Completes Sale of its Purification & Filtration Business to Thermo Fisher Scientific Inc.
SOLV,2025-09-02,12:00:12,9X9IT8,Solventum Corp.,100,0.5,acquisitions-mergers,completed,Solventum Completes Sale of its Purification & Filtration Business to Thermo Fisher Scientific Inc.,PRESS-RELEASE,Dow Jones Newswires,Press Release: Solventum Completes Sale of its Purification & Filtration Business to Thermo Fisher Scientific Inc.
SOLV,2025-09-02,12:00:12,9X9IT8,Solventum Corp.,100,0.0,earnings,,Solventum is updating its full year 2025 guidance,PRESS-RELEASE,Dow Jones Newswires,Press Release: Solventum Completes Sale of its Purification & Filtration Business to Thermo Fisher Scientific Inc.
SOLV,2025-09-02,12:00:31,9X9IT8,Solventum Corp.,100,0.5,acquisitions-mergers,completed,Solventum Completes Sale of Purification & Filtration Business to Thermo Fisher Scientific,NEWS-FLASH,Dow Jones Newswires,Solventum Completes Sale of Purification & Filtration Business to Thermo Fisher Scientific >SOLV TMO
SOLV,2025-09-02,12:01:44,9X9IT8,Solventum Corp.,99,0.0,assets,sale,Solventum completed the sale of the Business,RNS-SEC8K,Dow Jones Newswires,Solventum Files 8K - Asset Acquisition Or Disposition >SOLV
SOLV,2025-09-02,12:03:31,9X9IT8,Solventum Corp.,100,0.5,acquisitions-mergers,completed,Thermo Fisher Completes Acquisition of Purification & Filtration Business of Solventum,NEWS-FLASH,Dow Jones Newswires,Thermo Fisher Completes Acquisition of Purification & Filtration Business of Solventum for About $4B in Cash >TMO
SOLV,2025-09-02,12:03:48,9X9IT8,Solventum Corp.,100,0.5,acquisitions-mergers,completed,Solventum Closes Sale of Unit to Thermo Fisher,NEWS-FLASH,Dow Jones Newswires,Solventum Closes Sale of Unit to Thermo Fisher for $4 Billion in Cash >SOLV
SOLV,2025-09-02,12:08:09,9X9IT8,Solventum Corp.,100,0.7,earnings,up,Solventum Raises 2025 View To Adj EPS $5.88,NEWS-FLASH,Dow Jones Newswires,Solventum Raises 2025 View To Adj EPS $5.88-Adj EPS $6.03 >SOLV
SOLV,2025-09-02,12:08:34,9X9IT8,Solventum Corp.,100,0.0,earnings,,Solventum Had Seen 2025 Adjusted EPS $5.80-$5.95,NEWS-FLASH,Dow Jones Newswires,Solventum Had Seen 2025 Adjusted EPS $5.80-$5.95 >SOLV
SOLV,2025-09-02,16:50:45,9X9IT8,Solventum Corp.,100,0.52,insider-trading,,"Ceo Hanson Acquires 40,793 Of Solventum Corp >SOLV",FULL-ARTICLE,Dow Jones Newswires,"CEO Hanson Acquires 40,793 Of Solventum Corp >SOLV"
SOLV,2025-09-08,18:30:37,9X9IT8,Solventum Corp.,95,0.0,credit,,Solventum Corp.: The Tender Offer with respect to the 5.450% Senior Notes due 2027,PRESS-RELEASE,PR Newswire,Solventum Announces Pricing of its Upsized $2 Billion Note Tender Offers
SOLV,2025-09-08,18:30:40,9X9IT8,Solventum Corp.,95,0.0,credit,,Solventum Corp.: The Tender Offer with respect to the 5.450% Senior Notes due 2027,PRESS-RELEASE,Dow Jones Newswires,Press Release: Solventum Announces Pricing of its Upsized $2 Billion Note Tender Offers
SOLV,2025-09-11,11:11:46,9X9IT8,Solventum Corp.,100,0.01,analyst-ratings,neutral,Solventum Initiated at Hold by Jefferies,NEWS-FLASH,Dow Jones Newswires,Solventum Initiated at Hold by Jefferies
SOLV,2025-09-11,11:11:46,9X9IT8,Solventum Corp.,100,0.0,price-targets,set,Solventum Price Target Announced at $80.00/Share by Jefferies,NEWS-FLASH,Dow Jones Newswires,Solventum Price Target Announced at $80.00/Share by Jefferies
SOLV,2025-09-15,14:21:35,9X9IT8,Solventum Corp.,100,0.0,analyst-ratings,neutral,Solventum Is Maintained at Equal-Weight by Wells Fargo,NEWS-FLASH,Dow Jones Newswires,Solventum Is Maintained at Equal-Weight by Wells Fargo
SOLV,2025-09-15,14:21:35,9X9IT8,Solventum Corp.,100,0.48,price-targets,upgrade,Solventum Price Target Raised to $82.00/Share From $79.00 by Wells Fargo,NEWS-FLASH,Dow Jones Newswires,Solventum Price Target Raised to $82.00/Share From $79.00 by Wells Fargo
SOLV,2025-09-17,21:17:05,9X9IT8,Solventum Corp.,100,0.01,credit-ratings,stable,S&PGR Upgrades Solventum Corp. To 'BBB'; Outlook Stable,NEWS-FLASH,Dow Jones Newswires,S&PGR Upgrades Solventum Corp. To 'BBB'; Outlook Stable
SOLV,2025-09-17,21:17:05,9X9IT8,Solventum Corp.,100,0.01,credit-ratings,stable,S&PGR Upgrades Solventum Corp. To 'BBB'; Outlook Stable,PRESS-RELEASE,Dow Jones Newswires,Press Release: S&PGR Upgrades Solventum Corp. To 'BBB'; Outlook Stable
SOLV,2025-09-17,21:17:05,9X9IT8,Solventum Corp.,100,0.65,revenues,up,Solventum's revenue growth,PRESS-RELEASE,Dow Jones Newswires,Press Release: S&PGR Upgrades Solventum Corp. To 'BBB'; Outlook Stable
SOLV,2025-09-17,21:17:05,9X9IT8,Solventum Corp.,100,0.0,revenues,,Solventum's consolidated revenue in 2024,PRESS-RELEASE,Dow Jones Newswires,Press Release: S&PGR Upgrades Solventum Corp. To 'BBB'; Outlook Stable
SOLV,2025-10-01,12:30:52,9X9IT8,Solventum Corp.,100,0.01,analyst-ratings,neutral,Solventum Initiated at Neutral by UBS,NEWS-FLASH,Dow Jones Newswires,Solventum Initiated at Neutral by UBS
SOLV,2025-10-01,12:30:52,9X9IT8,Solventum Corp.,100,0.0,price-targets,set,Solventum Price Target Announced at $77.00/Share by UBS,NEWS-FLASH,Dow Jones Newswires,Solventum Price Target Announced at $77.00/Share by UBS
SOLV,2025-10-16,20:05:11,9X9IT8,Solventum Corp.,100,0.0,earnings,,"Solventum to Report Third Quarter Fiscal 2025 Earnings on November 6, 2025",PRESS-RELEASE,PR Newswire,"Solventum to Report Third Quarter Fiscal 2025 Earnings on November 6, 2025"
SOLV,2025-10-16,20:05:14,9X9IT8,Solventum Corp.,100,0.0,earnings,,"Solventum to Report Third Quarter Fiscal 2025 Earnings on November 6, 2025",PRESS-RELEASE,Dow Jones Newswires,"Press Release: Solventum to Report Third Quarter Fiscal 2025 Earnings on November 6, 2025"
SOLV,2025-10-16,21:16:27,9X9IT8,Solventum Corp.,100,0.01,credit-ratings,stable,Fitch Upgrades Solventum to 'BBB'/'F2'; Outlook Stable,NEWS-FLASH,Dow Jones Newswires,Fitch Upgrades Solventum to 'BBB'/'F2'; Outlook Stable
SOLV,2025-10-16,21:16:27,9X9IT8,Solventum Corp.,100,0.01,credit-ratings,stable,Fitch Upgrades Solventum to 'BBB'/'F2'; Outlook Stable,NEWS-FLASH,Dow Jones Newswires,Press Release: Fitch Upgrades Solventum to 'BBB'/'F2'; Outlook Stable
SOLV,2025-10-21,21:00:36,9X9IT8,Solventum Corp.,100,0.53,labor-issues,,Solventum Appoints Heather Knight as Chief Commercial Officer,PRESS-RELEASE,PR Newswire,Solventum Appoints Heather Knight as Chief Commercial Officer
SOLV,2025-10-21,21:00:39,9X9IT8,Solventum Corp.,100,0.53,labor-issues,,Solventum Appoints Heather Knight as Chief Commercial Officer,PRESS-RELEASE,Dow Jones Newswires,Press Release: Solventum Appoints Heather Knight as Chief Commercial Officer
SOLV,2025-10-21,21:00:42,9X9IT8,Solventum Corp.,100,0.53,labor-issues,,Solventum Appoints Heather Knight as Chief Comml Officer,NEWS-FLASH,Dow Jones Newswires,Solventum Appoints Heather Knight as Chief Comml Officer
